-- phpMyAdmin SQL Dump
-- version 3.3.8
-- http://www.phpmyadmin.net
--
-- Servidor: 127.0.0.1
-- Tempo de Geração: Jun 07, 2021 as 07:17 AM
-- Versão do Servidor: 5.1.52
-- Versão do PHP: 5.3.3

SET SQL_MODE="NO_AUTO_VALUE_ON_ZERO";


/*!40101 SET @OLD_CHARACTER_SET_CLIENT=@@CHARACTER_SET_CLIENT */;
/*!40101 SET @OLD_CHARACTER_SET_RESULTS=@@CHARACTER_SET_RESULTS */;
/*!40101 SET @OLD_COLLATION_CONNECTION=@@COLLATION_CONNECTION */;
/*!40101 SET NAMES utf8 */;

--
-- Banco de Dados: `supermercado`
--

-- --------------------------------------------------------
Create database if not exists supermercado;
use supermercado; 
--
-- Estrutura da tabela `clientes`
--

CREATE TABLE IF NOT EXISTS `clientes` (
  `Codigo` int(11) NOT NULL,
  `Nome` varchar(100) NOT NULL,
  `Email` varchar(100) NOT NULL,
  `CPFRG` varchar(50) NOT NULL,
  `Endereco` varchar(150) NOT NULL,
  `Tel1` varchar(20) NOT NULL,
  `Tel2` varchar(20) NOT NULL
) ENGINE=MyISAM DEFAULT CHARSET=latin1;

--
-- Extraindo dados da tabela `clientes`
--

INSERT INTO `clientes` (`Codigo`, `Nome`, `Email`, `CPFRG`, `Endereco`, `Tel1`, `Tel2`) VALUES
(1, 'Restaurante Orla Norte', 'orlanorte@gmail.com', '912.002.944-73', 'rua a  200', '2272277', '89933000'),
(2, 'Restaurante Litoral', 'restaurantelitoral@ig.com.br', '312.457.098-79', 'Rua b 220', '222000222', '899998800'),
(3, 'Hotel Orla Norte', 'orlanorte@gmail.com', '789.078.002-73', 'Rua c 230', '80004444', '988933399'),
(4, 'Hotel Recanto', 'hotelrecanto@ig.com.br', '456.097.259-39', 'Rua d 900', '9887100100', '32773300'),
(5, 'Pensão do Bosque', 'pensaobosque@gmail.com', '654.244.875-85', 'Rua e 300', '988470027', '32880044'),
(6, 'Pensão da Orla', 'pensaoorla@gmail.com', '874.524.245-47', 'Rua f 220', '388022200', '988170030'),
(7, 'Hotel Vila Regia', 'vilaregia@gmail.com', '333.000.111-00', 'Rua g 93', '32887765', '981810115'),
(8, 'Hotel Por do Sol', 'hotelpordosol@gmail.com', '874.987.254-98', 'Rua H 130', '32880230', '987934455'),
(9, 'Hotel Marujo', 'hotelmarufo@terra.com', '254.365.745-41', 'Rua I 20', '987773354', '32884576'),
(10, 'Pensão Praia', 'pensaopraia@hotmail.com', '977.564.673-48', 'Rua J 300', '32887543', '988712356'),
(11, 'Hotel Vila Sossego', 'vilasossego@terra.com', '976.037.983-63', 'Rua K 32', '22222222', '98334009'),
(12, 'Hotel Quadrado', 'hotelquadrado@gmail.com', '254.458.748-87', 'Rua L 46', '32775550', '988765688'),
(13, 'Hotel Mutá', 'hotelmuta@gmail.com', '562.458.741-42', 'Rua M 93', '32887645', '988483455'),
(14, 'Hotel Taperapuã', 'hoteltaperapua@terra.com', '412.236.545-66', 'Rua N 56', '32883588', '98248756'),
(15, 'Hotel Margarida', 'hotelmargarida@gmail.com', '125.254.879-98', 'Rua O 04', '32880404', '988355577'),
(16, 'Hotel Areia Branca', 'hotelareiabranca@terra.com', '545.625.585-98', 'Rua P 55', '32886677', '988775578'),
(17, 'Restaurante Quadrado', 'restaurantequadrado@gmail.com', '879.252.147-12', 'Rua Q 33', '32885588', '988565654'),
(18, 'Restaurante Quatro Rodas', 'restaurantequatrorodas@gmail.com', '754.254.455-45', 'Rua U 37', '3288990', '98334599'),
(19, 'Lanchonete do Bigode', 'lanchonetebigode@gmail.com', '554.556.488-65', 'Rua V 78', '32884433', '988568767'),
(20, 'Lanchonete Quadrado', 'lanchonetequadrado@gmail.com', '547.123.552-22', 'Rua X 77', '32888899', '988784424'),
(21, 'Hotel Sambaqui', 'hotelsambaqui@gmail.com', '857.258.654-41', 'Rua Y 84', '32880922', '988557798'),
(22, 'Restaurante Panorama', 'restaurantepanorama@terra.com', '524.254.114-56', 'Rua Z 43', '32884422', '988485567'),
(23, 'Hotel Plaza', 'hotelplaza@gmail.com', '547.222.658-66', 'Rua A 30', '32885787', '98833747'),
(24, 'Hotel Lual', 'hotellual@gmail.com', '459.035.455-95', 'Rua B 35', '32880097', '988886554'),
(25, 'Hotel Londres', 'hotellondres@gmail.com', '231.252.478-84', 'Rua C 44', '32882211', '988563652'),
(26, 'Hotel Marisco', 'hotelmarisco@gmail.com', '546.528.497-22', 'Rua D 88', '23889808', '988548575'),
(27, 'Hotel Sol da Manhã', 'hotelsoldamanha@gmail.com', '524.147.145-35', 'Rua E 74', '32554789', '988556325'),
(28, 'Hotel Baleia', 'hotelbaleia@gmail.com', '557.445.852-96', 'Rua F', '32885656', '988752325'),
(29, 'Hotel Ondas do Mar', 'ondasdomar@terra.com', '554.114.225-85', 'Rua G 33', '32885457', '988554745'),
(30, 'Restaurante Marujo', 'restaurantemarujo@gmail.com', '897.855.774-98', 'Rua H 32', '32884574', '988663322'),
(31, 'Pensão Brisa do Mar', 'pensaobrisadomar@gmail.com', '887.224.335-45', 'Rua I 33', '32887441', '988226585'),
(32, 'Pensão Maré Alta', 'marealta@gmail.com', '587.125.147-63', 'Rua J 99', '32884526', '988552121'),
(33, 'Hotel Porto Belo', 'hotelportobelo@gmail.com', '547.221.335-66', 'Rua K 21', '32884411', '988447752'),
(34, 'Restaurante Porto Belo', 'restauranteportobelo@gmail.com', '554.332.112-54', 'Rua L 54', '32887445', '988441232'),
(35, 'Restaurante Bom Sucesso', 'restaurantebomsucesso@gmail.com', '554.221.223-56', 'Rua M 97', '32885152', '988212525'),
(36, 'Hotel Descanso Ideal', 'hoteldescansoindeal@gmail.com', '441.236.554-33', 'Rua N 23', '32885654', '988212147'),
(37, 'Hotel Mar Oceano', 'hotelmaroceano@terra.com', '854.332.555-85', 'Rua O 44', '32885654', '988223355'),
(38, 'Hotel Cambolo', 'hotelcambolo@gmail.com', '558.447.996-63', 'Rua P 76', '32887532', '988336523'),
(39, 'Hotel Sargaço', 'hotelsargaço@gmail.com', '132.256.985-54', 'Rua Q 88', '32881125', '988447532'),
(40, 'Hotel Esperança', 'hotelesperança@gmail.com', '325.147.582-22', 'Rua U 58', '32882626', '988232354');

-- --------------------------------------------------------

--
-- Estrutura da tabela `produtos`
--

CREATE TABLE IF NOT EXISTS `produtos` (
  `Codigo` int(11) NOT NULL,
  `Categoria` varchar(50) NOT NULL,
  `Descricao` varchar(100) NOT NULL,
  `Preco` int(11) NOT NULL
) ENGINE=MyISAM DEFAULT CHARSET=latin1;

--
-- Extraindo dados da tabela `produtos`
--

INSERT INTO `produtos` (`Codigo`, `Categoria`, `Descricao`, `Preco`) VALUES
(1, 'Mercearia', 'Açúcar', 5),
(2, 'Mercearia', 'Farinha de trigo', 6),
(3, 'Mercearia', 'Arroz', 4),
(4, 'Mercearia', 'Feijão', 8),
(5, 'Mercearia', 'Fubá', 2),
(6, 'Mercearia', 'Sal', 1),
(7, 'Mercearia', 'Milho de pipoca', 1),
(8, 'Mercearia', 'Queijo Ralado', 1),
(9, 'Mercearia', 'Massa', 3),
(10, 'Mercearia', 'Biscoito', 1),
(11, 'Mercearia', 'Balas', 0),
(12, 'Mercearia', 'Chocolate', 0),
(13, 'Mercearia', 'Salgadinhos', 1),
(14, 'Mercearia', 'Sopas e Caldos', 2),
(15, 'Mercearia', 'Achocolatado', 2),
(16, 'Mercearia', 'Leite em Pó', 5),
(17, 'Mercearia', 'Pudim', 2),
(18, 'Mercearia', 'Gelatina', 1),
(19, 'Mercearia', 'Mistura para bolo', 1),
(20, 'Mercearia', 'Cereal', 3),
(21, 'Mercearia', 'Adoçante', 1),
(22, 'Mercearia', 'Fermento', 1),
(23, 'Mercearia', 'Polvilho', 1),
(24, 'Mercearia', 'Leite Condensado', 2),
(25, 'Mercearia', 'Creme de Leite', 2),
(26, 'Mercearia', 'Erva Mate', 1),
(27, 'Mercearia', 'Maizena', 2),
(28, 'Mercearia', 'Café', 1),
(29, 'Mercearia', 'Chá', 3),
(30, 'Mercearia', 'Óleo', 9),
(31, 'Mercearia', 'Extrato de Tomate', 2),
(32, 'Mercearia', 'Vinagre', 1),
(33, 'Mercearia', 'Tempero', 1),
(34, 'Mercearia', 'Ketchup', 6),
(35, 'Mercearia', 'Maionese', 4),
(36, 'Mercearia', 'Ervilha', 2),
(37, 'Mercearia', 'Milho Verde', 2),
(38, 'Mercearia', 'Pepino', 3),
(39, 'Mercearia', 'Palmito', 3),
(40, 'Mercearia', 'Azeite de Oliva', 7),
(41, 'Mercearia', 'Azeitona', 5),
(42, 'Mercearia', 'Mostarda', 6),
(43, 'Mercearia', 'Doce de Frutas', 8),
(44, 'Mercearia', 'Pêssego Lata', 8),
(45, 'Mercearia', 'Abacaxi', 7),
(46, 'Mercearia', 'Atum', 16),
(47, 'Mercearia', 'Sardinha', 12),
(48, 'Mercearia', 'Ovos', 13),
(49, 'Mercearia', 'Farinha de Mandioca', 3),
(50, 'Açogue', 'Costela Bovina', 22),
(51, 'Açogue', 'Carne Moída', 15),
(52, 'Açogue', 'Bife', 18),
(53, 'Açogue', 'Picanha', 22),
(54, 'Açogue', 'Filé', 17),
(55, 'Açogue', 'Alcatra', 17),
(56, 'Açogue', 'Carne suína', 16),
(57, 'Açogue', 'Linguíça', 10),
(58, 'Açogue', 'Coração', 9),
(59, 'Açogue', 'Carré', 13),
(60, 'Açogue', 'Bacon', 8),
(61, 'Açogue', 'Carne de Ovelha', 25),
(62, 'Açogue', 'Frango', 10),
(63, 'Açogue', 'Sobrecoxa', 8),
(64, 'Açogue', 'Frango Passarinho', 7),
(65, 'Açogue', 'Moela', 5),
(66, 'Açogue', 'Meio da Asa', 5),
(67, 'Açogue', 'Coxinha da asa', 6),
(68, 'Açogue', 'Fígado', 8),
(69, 'Açogue', 'Peito de Frango', 9),
(70, 'Fiambreria', 'Hambúrguer', 5),
(71, 'Fiambreria', 'Almôndega', 4),
(72, 'Fiambreria', 'Minichiken', 4),
(73, 'Fiambreria', 'Empanados', 3),
(74, 'Fiambreria', 'Pratos Prontos', 25),
(75, 'Fiambreria', 'Massas', 20),
(76, 'Fiambreria', 'Sorvete', 20),
(77, 'Fiambreria', 'Queijo', 22),
(78, 'Fiambreria', 'Requeijão', 19),
(79, 'Fiambreria', 'Salsicha', 11),
(80, 'Fiambreria', 'Leite', 7),
(81, 'Fiambreria', 'Iogurte', 9),
(82, 'Fiambreria', 'Manteiga', 13),
(83, 'Fiambreria', 'Margarina', 8),
(84, 'Fiambreria', 'Patê', 15),
(85, 'Fiambreria', 'Massa para Pastel', 13),
(86, 'Fiambreria', 'Massa Fresca', 13),
(87, 'Fiambreria', 'Pizza', 20),
(88, 'Fiambreria', 'Mortadela', 10),
(89, 'Fiambreria', 'Presunto', 11),
(90, 'Fiambreria', 'Apresuntado', 10),
(91, 'Fiambreria', 'Salame', 9),
(92, 'Fiambreria', 'Copa', 10),
(93, 'Peixaria', 'Filé de Merluza', 18),
(94, 'Peixaria', 'Filé de Cação', 17),
(95, 'Peixaria', 'Filé de Tilápia', 22),
(96, 'Peixaria', 'Camarão', 22),
(97, 'Peixaria', 'Filé Linguado', 21),
(98, 'Peixaria', 'Peixe Inteiro', 30),
(99, 'Peixaria', 'Salmão ', 40),
(100, 'Peixaria', 'Bacalhau', 40),
(101, 'Hortifruti', 'Batata', 3),
(102, 'Hortifruti', 'Tomate', 4),
(103, 'Hortifruti', 'Cebola', 2),
(104, 'Hortifruti', 'Alho', 1),
(105, 'Hortifruti', 'Laranja', 3),
(106, 'Hortifruti', 'Mamão', 2),
(107, 'Hortifruti', 'Maçã', 3),
(108, 'Hortifruti', 'Tempero Verde', 2),
(109, 'Hortifruti', 'Alface', 1),
(110, 'Hortifruti', 'Banana', 2),
(111, 'Hortifruti', 'Repolho', 1),
(112, 'Hortifruti', 'Cenoura', 2),
(113, 'Hortifruti', 'Beterraba', 2),
(114, 'Hortifruti', 'Manga', 2),
(115, 'Hortifruti', 'Limão', 2),
(116, 'Padaria', 'Pão Francês', 3),
(117, 'Padaria', 'Pão Dex', 3),
(118, 'Padaria', 'Pão Cachorro Quente', 3),
(119, 'Padaria', 'Pão Fatiado', 2),
(120, 'Padaria', 'Pão Caseiro', 4),
(121, 'Padaria', 'Pão Integral', 4),
(122, 'Padaria', 'Cuca', 6),
(123, 'Padaria', 'Sonho', 6),
(124, 'Padaria', 'Pão de Queijo', 5),
(125, 'Bebidas', 'Cerveja', 10),
(126, 'Bebidas', 'Refrigerante', 5),
(127, 'Bebidas', 'Água Mineral', 2),
(128, 'Bebidas', 'Suco', 3),
(129, 'Bebidas', 'Pó para Refresco', 2),
(130, 'Bebidas', 'Vinho', 7),
(131, 'Bebidas', 'Vodka', 5),
(132, 'Bebidas', 'Aguardente', 3),
(133, 'Bebidas', 'Whisky', 9),
(134, 'Material de Limpeza', 'Detergente Pó', 5),
(135, 'Material de Limpeza', 'Amaciante', 9),
(136, 'Material de Limpeza', 'Água Sanitária', 5),
(137, 'Material de Limpeza', 'Sabão em Barra', 4),
(138, 'Material de Limpeza', 'Esfregão de Aço', 16),
(139, 'Material de Limpeza', 'Esponja', 3),
(140, 'Material de Limpeza', 'Álcool', 8),
(141, 'Material de Limpeza', 'Lustra Móveis', 9),
(142, 'Material de Limpeza', 'Limpa Vidros', 11),
(143, 'Material de Limpeza', ' Cera', 15),
(144, 'Material de Limpeza', 'Desinfetante', 14),
(145, 'Material de Limpeza', 'Detergente Líquido', 13),
(146, 'Material de Limpeza', 'Desodorizador', 15),
(147, 'Material de Limpeza', 'Graxa Sapato', 7),
(148, 'Material de Limpeza', 'Sapólio', 10),
(149, 'Material de Limpeza', 'Vassoura', 18),
(150, 'Material de Limpeza', 'Saco de lixo', 5),
(151, 'Material de Limpeza', 'Pano Limpeza', 6),
(152, 'Higiene e Perfumaria', 'Creme dental', 12),
(153, 'Higiene e Perfumaria', 'Fio Dental', 12),
(154, 'Higiene e Perfumaria', 'Escova dental', 15),
(155, 'Higiene e Perfumaria', 'Desodorante Banho a Banho', 11),
(156, 'Higiene e Perfumaria', 'Papel Higiênico', 5),
(157, 'Higiene e Perfumaria', 'Fralda', 14),
(158, 'Higiene e Perfumaria', 'Absorvente', 16),
(157, 'Higiene e Perfumaria', 'Shampoo', 18),
(158, 'Higiene e Perfumaria', 'Condicionador', 17),
(159, 'Higiene e Perfumaria', 'Creme de Barbear', 15),
(160, 'Higiene e Perfumaria', 'Acetona', 7),
(161, 'Higiene e Perfumaria', 'Aparelho de Barbear', 20),
(162, 'Higiene e Perfumaria', 'Algodão', 2),
(163, 'Higiene e Perfumaria', 'Preservativo', 15),
(164, 'Higiene e Perfumaria', 'Sabonete', 5),
(165, 'Diversos', 'Pilhas AA', 7),
(166, 'Diversos', 'Pilhas AAA', 8),
(167, 'Diversos', 'Lâmpada', 8),
(168, 'Diversos', 'Palito Dental', 1),
(169, 'Diversos', 'Ração para cachorros', 22),
(170, 'Diversos', 'Toalha de papel', 3),
(171, 'Diversos', 'Copo Descartável', 3),
(172, 'Diversos', 'Carvão', 15),
(173, 'Diversos', 'Guardanapo', 3),
(174, 'Diversos', 'Vela', 6),
(175, 'Diversos', 'Fósforo', 7),
(176, 'Diversos', 'Filtro para café', 4),
(177, 'Diversos', 'Luvas de Borracha', 3),
(178, 'Diversos', 'Balde', 7),
(179, 'Diversos', 'Bacia', 6);

-- --------------------------------------------------------

--
-- Estrutura da tabela `vendas`
--

CREATE TABLE IF NOT EXISTS `vendas` (
  `Data` date NOT NULL,
  `CodigoCliente` int(11) NOT NULL,
  `CodigoProduto` int(11) NOT NULL,
  `Quantidade` int(11) NOT NULL,
  `Total` int(11) NOT NULL
) ENGINE=MyISAM DEFAULT CHARSET=latin1;

--
-- Extraindo dados da tabela `vendas`
--

INSERT INTO `vendas` (`Data`, `CodigoCliente`, `CodigoProduto`, `Quantidade`, `Total`) VALUES
('2021-01-01', 8, 85, 6, 78),
('2021-01-01', 8, 85, 1, 13),
('2021-01-01', 8, 74, 1, 25),
('2021-01-01', 8, 87, 4, 80),
('2021-01-01', 8, 142, 6, 66),
('2021-01-01', 8, 5, 1, 2),
('2021-01-01', 8, 32, 6, 6),
('2021-01-01', 8, 179, 4, 24),
('2021-01-01', 8, 86, 1, 13),
('2021-01-01', 8, 101, 4, 12),
('2021-01-01', 8, 165, 2, 14),
('2021-01-01', 8, 124, 5, 25),
('2021-01-01', 34, 107, 1, 3),
('2021-01-01', 40, 138, 5, 80),
('2021-01-01', 40, 110, 3, 6),
('2021-01-01', 40, 171, 6, 18),
('2021-01-02', 36, 161, 4, 80),
('2021-01-02', 36, 175, 5, 35),
('2021-01-02', 36, 103, 3, 6),
('2021-01-02', 36, 39, 2, 6),
('2021-01-02', 36, 49, 4, 12),
('2021-01-02', 36, 128, 5, 15),
('2021-01-02', 36, 151, 1, 6),
('2021-01-02', 36, 11, 5, 0),
('2021-01-02', 25, 63, 4, 32),
('2021-01-02', 25, 80, 3, 21),
('2021-01-02', 25, 32, 1, 1),
('2021-01-02', 27, 114, 2, 4),
('2021-01-02', 27, 24, 1, 2),
('2021-01-02', 27, 57, 5, 50),
('2021-01-02', 27, 32, 1, 1),
('2021-01-02', 27, 57, 2, 20),
('2021-01-02', 27, 118, 5, 15),
('2021-01-02', 10, 162, 4, 8),
('2021-01-02', 10, 26, 3, 3),
('2021-01-02', 10, 137, 3, 12),
('2021-01-02', 10, 119, 1, 2),
('2021-01-02', 10, 105, 5, 15),
('2021-01-02', 10, 157, 3, 42),
('2021-01-02', 10, 38, 4, 12),
('2021-01-02', 10, 67, 1, 6),
('2021-01-02', 10, 176, 4, 16),
('2021-01-02', 11, 133, 2, 18),
('2021-01-02', 11, 19, 4, 4),
('2021-01-03', 20, 1, 4, 20),
('2021-01-03', 20, 71, 6, 24),
('2021-01-03', 20, 159, 1, 15),
('2021-01-03', 20, 108, 4, 8),
('2021-01-03', 20, 70, 6, 30),
('2021-01-03', 20, 15, 5, 10),
('2021-01-03', 20, 40, 3, 21),
('2021-01-03', 20, 146, 6, 90),
('2021-01-03', 20, 17, 5, 10),
('2021-01-03', 20, 47, 2, 24),
('2021-01-03', 10, 71, 2, 8),
('2021-01-03', 10, 63, 6, 48),
('2021-01-03', 10, 122, 1, 6),
('2021-01-03', 10, 121, 6, 24),
('2021-01-03', 10, 16, 3, 15),
('2021-01-03', 10, 164, 2, 10),
('2021-01-03', 10, 17, 1, 2),
('2021-01-03', 12, 117, 6, 18),
('2021-01-03', 12, 95, 4, 88),
('2021-01-03', 12, 44, 1, 8),
('2021-01-03', 12, 151, 6, 36),
('2021-01-03', 12, 150, 6, 30),
('2021-01-03', 12, 171, 5, 15),
('2021-01-03', 12, 160, 4, 28),
('2021-01-04', 33, 51, 5, 75),
('2021-01-04', 33, 104, 5, 5),
('2021-01-04', 33, 27, 1, 2),
('2021-01-04', 33, 92, 2, 20),
('2021-01-04', 33, 7, 4, 4),
('2021-01-04', 33, 124, 4, 20),
('2021-01-04', 33, 142, 4, 44),
('2021-01-04', 33, 130, 4, 28),
('2021-01-04', 33, 135, 2, 18),
('2021-01-04', 29, 138, 5, 80),
('2021-01-04', 29, 39, 5, 15),
('2021-01-04', 29, 32, 3, 3),
('2021-01-04', 15, 149, 2, 36),
('2021-01-04', 15, 131, 3, 15),
('2021-01-04', 15, 12, 5, 0),
('2021-01-04', 15, 76, 5, 100),
('2021-01-04', 15, 131, 6, 30),
('2021-01-04', 15, 4, 3, 24),
('2021-01-04', 15, 30, 1, 9),
('2021-01-05', 30, 69, 5, 45),
('2021-01-05', 30, 78, 2, 38),
('2021-01-05', 8, 129, 1, 2),
('2021-01-05', 8, 91, 6, 54),
('2021-01-05', 8, 53, 6, 132),
('2021-01-05', 8, 140, 3, 24),
('2021-01-05', 8, 69, 6, 54),
('2021-01-05', 8, 178, 1, 7),
('2021-01-05', 8, 127, 2, 4),
('2021-01-05', 25, 86, 5, 65),
('2021-01-05', 25, 107, 6, 18),
('2021-01-05', 25, 76, 4, 80),
('2021-01-05', 25, 76, 6, 120),
('2021-01-05', 25, 136, 1, 5),
('2021-01-05', 25, 12, 2, 0),
('2021-01-05', 40, 173, 5, 15),
('2021-01-06', 40, 33, 1, 1),
('2021-01-06', 40, 175, 6, 42),
('2021-01-06', 40, 77, 4, 88),
('2021-01-06', 40, 124, 6, 30),
('2021-01-06', 40, 136, 2, 10),
('2021-01-06', 40, 40, 2, 14),
('2021-01-06', 40, 3, 2, 8),
('2021-01-07', 14, 111, 4, 4),
('2021-01-07', 14, 119, 2, 4),
('2021-01-07', 14, 111, 1, 1),
('2021-01-07', 14, 150, 2, 10),
('2021-01-07', 14, 116, 6, 18),
('2021-01-09', 27, 24, 5, 10),
('2021-01-09', 27, 31, 6, 12),
('2021-01-09', 27, 35, 2, 8),
('2021-01-09', 27, 18, 5, 5),
('2021-01-09', 40, 167, 2, 16),
('2021-01-09', 40, 131, 5, 25),
('2021-01-09', 40, 115, 5, 10),
('2021-01-09', 40, 26, 5, 5),
('2021-01-09', 40, 123, 5, 30),
('2021-01-09', 40, 80, 5, 35),
('2021-01-09', 2, 64, 6, 42),
('2021-01-09', 2, 34, 1, 6),
('2021-01-09', 2, 16, 1, 5),
('2021-01-09', 3, 66, 5, 25),
('2021-01-09', 3, 32, 1, 1),
('2021-01-09', 17, 83, 1, 8),
('2021-01-09', 17, 168, 6, 6),
('2021-01-09', 17, 73, 4, 12),
('2021-01-09', 17, 30, 5, 45),
('2021-01-09', 17, 175, 5, 35),
('2021-01-10', 17, 19, 1, 1),
('2021-01-10', 17, 119, 3, 6),
('2021-01-10', 17, 179, 5, 30),
('2021-01-10', 17, 154, 4, 60),
('2021-01-10', 17, 105, 6, 18),
('2021-01-10', 17, 154, 3, 45),
('2021-01-10', 19, 1, 1, 5),
('2021-01-10', 19, 128, 4, 12),
('2021-01-10', 19, 26, 5, 5),
('2021-01-10', 19, 169, 5, 110),
('2021-01-10', 25, 43, 3, 24),
('2021-01-10', 25, 47, 2, 24),
('2021-01-10', 25, 36, 3, 6),
('2021-01-10', 25, 77, 3, 66),
('2021-01-10', 25, 164, 4, 20),
('2021-01-10', 25, 173, 4, 12),
('2021-01-10', 25, 176, 1, 4),
('2021-01-10', 9, 88, 5, 50),
('2021-01-10', 9, 1, 3, 15),
('2021-01-10', 9, 6, 3, 3),
('2021-01-10', 9, 125, 5, 50),
('2021-01-10', 9, 127, 3, 6),
('2021-01-10', 9, 23, 5, 5),
('2021-01-10', 9, 20, 3, 9),
('2021-01-10', 9, 116, 6, 18),
('2021-01-10', 14, 17, 2, 4),
('2021-01-10', 14, 172, 5, 75),
('2021-01-10', 14, 145, 1, 13),
('2021-01-10', 14, 18, 1, 1),
('2021-01-10', 14, 115, 4, 8),
('2021-01-10', 14, 60, 1, 8),
('2021-01-11', 14, 92, 6, 60),
('2021-01-11', 14, 57, 5, 50),
('2021-01-11', 14, 80, 1, 7),
('2021-01-11', 14, 57, 3, 30),
('2021-01-11', 14, 146, 4, 60),
('2021-01-11', 4, 130, 2, 14),
('2021-01-11', 4, 41, 1, 5),
('2021-01-11', 4, 14, 4, 8),
('2021-01-11', 4, 128, 4, 12),
('2021-01-11', 4, 57, 5, 50),
('2021-01-11', 4, 92, 1, 10),
('2021-01-11', 4, 29, 1, 3),
('2021-01-11', 4, 150, 3, 15),
('2021-01-11', 4, 74, 2, 50),
('2021-01-11', 4, 10, 2, 2),
('2021-01-11', 4, 171, 5, 15),
('2021-01-11', 2, 122, 4, 24),
('2021-01-11', 2, 89, 6, 66),
('2021-01-11', 3, 119, 6, 12),
('2021-01-11', 3, 12, 4, 0),
('2021-01-11', 3, 45, 5, 35),
('2021-01-11', 3, 29, 4, 12),
('2021-01-11', 3, 85, 1, 13),
('2021-01-11', 3, 57, 1, 10),
('2021-01-13', 1, 38, 5, 15),
('2021-01-13', 1, 33, 1, 1),
('2021-01-13', 1, 119, 1, 2),
('2021-01-13', 1, 60, 6, 48),
('2021-01-13', 26, 76, 6, 120),
('2021-01-13', 26, 148, 6, 60),
('2021-01-13', 26, 163, 6, 90),
('2021-01-13', 19, 139, 3, 9),
('2021-01-13', 19, 53, 2, 44),
('2021-01-13', 19, 86, 6, 78),
('2021-01-13', 19, 90, 6, 60),
('2021-01-13', 19, 178, 4, 28),
('2021-01-13', 19, 146, 3, 45),
('2021-01-13', 19, 142, 6, 66),
('2021-01-13', 19, 82, 2, 26),
('2021-01-14', 3, 37, 4, 8),
('2021-01-14', 22, 78, 1, 19),
('2021-01-14', 22, 30, 3, 27),
('2021-01-14', 22, 135, 2, 18),
('2021-01-14', 22, 13, 5, 5),
('2021-01-14', 22, 104, 3, 3),
('2021-01-14', 22, 16, 4, 20),
('2021-01-14', 21, 102, 3, 12),
('2021-01-14', 21, 111, 4, 4),
('2021-01-14', 21, 62, 3, 30),
('2021-01-14', 21, 94, 4, 68),
('2021-01-15', 29, 78, 5, 95),
('2021-01-15', 29, 95, 4, 88),
('2021-01-15', 29, 19, 3, 3),
('2021-01-15', 10, 129, 6, 12),
('2021-01-15', 10, 147, 3, 21),
('2021-01-15', 10, 2, 2, 12),
('2021-01-15', 30, 34, 4, 24),
('2021-01-15', 30, 175, 5, 35),
('2021-01-15', 30, 174, 1, 6),
('2021-01-15', 30, 178, 5, 35),
('2021-01-15', 30, 104, 5, 5),
('2021-01-15', 30, 135, 3, 27),
('2021-01-15', 30, 131, 4, 20),
('2021-01-15', 30, 117, 6, 18),
('2021-01-15', 30, 160, 6, 42),
('2021-01-15', 30, 10, 5, 5),
('2021-01-15', 30, 128, 5, 15),
('2021-01-15', 30, 29, 6, 18),
('2021-01-15', 30, 28, 3, 3),
('2021-01-15', 28, 123, 1, 6),
('2021-01-15', 28, 151, 4, 24),
('2021-01-15', 28, 51, 3, 45),
('2021-01-15', 28, 65, 1, 5),
('2021-01-15', 28, 73, 2, 6),
('2021-01-15', 28, 82, 4, 52),
('2021-01-15', 28, 5, 4, 8),
('2021-01-15', 28, 151, 1, 6),
('2021-01-15', 28, 110, 2, 4),
('2021-01-15', 30, 25, 5, 10),
('2021-01-15', 30, 158, 3, 48),
('2021-01-15', 30, 12, 3, 0),
('2021-01-15', 30, 84, 3, 45),
('2021-01-15', 30, 65, 5, 25),
('2021-01-16', 39, 157, 3, 42),
('2021-01-16', 39, 155, 3, 33),
('2021-01-16', 39, 57, 4, 40),
('2021-01-16', 39, 86, 5, 65),
('2021-01-16', 39, 36, 2, 4),
('2021-01-17', 7, 148, 5, 50),
('2021-01-17', 15, 128, 4, 12),
('2021-01-17', 11, 105, 3, 9),
('2021-01-17', 11, 52, 4, 72),
('2021-01-17', 11, 118, 2, 6),
('2021-01-17', 11, 81, 4, 36),
('2021-01-17', 11, 116, 2, 6),
('2021-01-17', 11, 36, 1, 2),
('2021-01-17', 11, 139, 4, 12),
('2021-01-17', 11, 92, 5, 50),
('2021-01-17', 11, 137, 2, 8),
('2021-01-17', 35, 148, 2, 20),
('2021-01-17', 35, 35, 1, 4),
('2021-01-17', 35, 123, 5, 30),
('2021-01-17', 35, 179, 4, 24),
('2021-01-17', 23, 44, 3, 24),
('2021-01-17', 23, 29, 5, 15),
('2021-01-17', 23, 70, 1, 5),
('2021-01-17', 23, 129, 3, 6),
('2021-01-17', 23, 73, 5, 15),
('2021-01-17', 23, 169, 1, 22),
('2021-01-17', 23, 138, 4, 64),
('2021-01-17', 23, 11, 4, 0),
('2021-01-18', 16, 54, 6, 102),
('2021-01-18', 16, 23, 2, 2),
('2021-01-18', 16, 12, 1, 0),
('2021-01-18', 16, 70, 3, 15),
('2021-01-18', 16, 41, 4, 20),
('2021-01-18', 16, 51, 2, 30),
('2021-01-18', 16, 113, 1, 2),
('2021-01-18', 17, 110, 3, 6),
('2021-01-18', 17, 151, 4, 24),
('2021-01-18', 17, 5, 2, 4),
('2021-01-18', 17, 35, 1, 4),
('2021-01-18', 17, 38, 2, 6),
('2021-01-18', 17, 98, 2, 60),
('2021-01-18', 1, 90, 5, 50),
('2021-01-18', 1, 138, 5, 80),
('2021-01-19', 28, 155, 1, 11),
('2021-01-19', 28, 5, 1, 2),
('2021-01-19', 28, 160, 3, 21),
('2021-01-20', 30, 125, 6, 60),
('2021-01-20', 30, 138, 2, 32),
('2021-01-20', 30, 10, 3, 3),
('2021-01-20', 30, 176, 6, 24),
('2021-01-20', 30, 14, 1, 2),
('2021-01-20', 30, 128, 4, 12),
('2021-01-20', 30, 153, 2, 24),
('2021-01-20', 30, 146, 6, 90),
('2021-01-20', 40, 111, 4, 4),
('2021-01-20', 40, 99, 6, 240),
('2021-01-20', 40, 175, 4, 28),
('2021-01-20', 40, 29, 4, 12),
('2021-01-20', 10, 161, 3, 60),
('2021-01-20', 10, 65, 1, 5),
('2021-01-20', 10, 55, 6, 102),
('2021-01-20', 10, 116, 1, 3),
('2021-01-20', 10, 56, 4, 64),
('2021-01-20', 24, 97, 1, 21),
('2021-01-20', 24, 177, 3, 9),
('2021-01-20', 24, 150, 1, 5),
('2021-01-20', 24, 150, 2, 10),
('2021-01-20', 24, 59, 1, 13),
('2021-01-20', 24, 178, 1, 7),
('2021-01-20', 24, 109, 6, 6),
('2021-01-21', 12, 122, 1, 6),
('2021-01-21', 12, 172, 3, 45),
('2021-01-21', 12, 40, 2, 14),
('2021-01-21', 12, 97, 4, 84),
('2021-01-21', 12, 128, 1, 3),
('2021-01-21', 12, 179, 6, 36),
('2021-01-21', 12, 157, 6, 84),
('2021-01-21', 32, 166, 4, 32),
('2021-01-21', 32, 163, 1, 15),
('2021-01-21', 32, 105, 3, 9),
('2021-01-21', 32, 143, 3, 45),
('2021-01-21', 32, 13, 3, 3),
('2021-01-21', 18, 19, 5, 5),
('2021-01-21', 18, 51, 1, 15),
('2021-01-21', 18, 161, 2, 40),
('2021-01-21', 18, 58, 5, 45),
('2021-01-21', 7, 3, 6, 24),
('2021-01-21', 7, 27, 1, 2),
('2021-01-21', 7, 60, 6, 48),
('2021-01-21', 7, 98, 3, 90),
('2021-01-21', 24, 38, 5, 15),
('2021-01-21', 24, 175, 3, 21),
('2021-01-21', 24, 38, 1, 3),
('2021-01-21', 24, 170, 1, 3),
('2021-01-22', 26, 10, 1, 1),
('2021-01-22', 26, 114, 6, 12),
('2021-01-22', 38, 110, 6, 12),
('2021-01-22', 38, 29, 3, 9),
('2021-01-22', 38, 119, 3, 6),
('2021-01-22', 38, 100, 4, 160),
('2021-01-22', 38, 67, 1, 6),
('2021-01-22', 19, 150, 1, 5),
('2021-01-22', 19, 136, 3, 15),
('2021-01-22', 19, 117, 2, 6),
('2021-01-22', 19, 135, 3, 27),
('2021-01-22', 19, 163, 5, 75),
('2021-01-22', 12, 37, 2, 4),
('2021-01-22', 12, 133, 6, 54),
('2021-01-22', 12, 113, 6, 12),
('2021-01-22', 12, 166, 5, 40),
('2021-01-22', 12, 140, 5, 40),
('2021-01-22', 12, 35, 4, 16),
('2021-01-22', 12, 135, 4, 36),
('2021-01-22', 12, 70, 4, 20),
('2021-01-22', 6, 153, 2, 24),
('2021-01-22', 6, 4, 4, 32),
('2021-01-22', 6, 78, 3, 57),
('2021-01-22', 6, 1, 3, 15),
('2021-01-22', 6, 85, 4, 52),
('2021-01-23', 13, 157, 1, 14),
('2021-01-23', 13, 10, 5, 5),
('2021-01-23', 13, 100, 6, 240),
('2021-01-23', 13, 144, 2, 28),
('2021-01-23', 13, 121, 2, 8),
('2021-01-23', 13, 50, 4, 88),
('2021-01-23', 13, 125, 2, 20),
('2021-01-23', 13, 127, 4, 8),
('2021-01-24', 11, 109, 5, 5),
('2021-01-24', 11, 103, 5, 10),
('2021-01-24', 11, 87, 3, 60),
('2021-01-24', 11, 132, 3, 9),
('2021-01-24', 11, 103, 5, 10),
('2021-01-24', 11, 150, 5, 25),
('2021-01-24', 11, 128, 5, 15),
('2021-01-24', 11, 85, 5, 65),
('2021-01-24', 30, 5, 4, 8),
('2021-01-24', 30, 43, 5, 40),
('2021-01-24', 30, 69, 5, 45),
('2021-01-24', 30, 10, 4, 4),
('2021-01-24', 30, 32, 3, 3),
('2021-01-24', 32, 132, 2, 6),
('2021-01-24', 32, 91, 6, 54),
('2021-01-24', 32, 163, 2, 30),
('2021-01-24', 32, 151, 2, 12),
('2021-01-24', 32, 8, 4, 4),
('2021-01-24', 32, 155, 2, 22),
('2021-01-24', 32, 176, 4, 16),
('2021-01-24', 32, 31, 3, 6),
('2021-01-24', 32, 12, 3, 0),
('2021-01-25', 5, 50, 4, 88),
('2021-01-25', 3, 93, 2, 36),
('2021-01-25', 3, 82, 1, 13),
('2021-01-25', 3, 24, 4, 8),
('2021-01-25', 3, 5, 2, 4),
('2021-01-25', 3, 106, 5, 10),
('2021-01-25', 40, 153, 2, 24),
('2021-01-25', 40, 9, 6, 18),
('2021-01-25', 40, 72, 2, 8),
('2021-01-25', 40, 79, 4, 44),
('2021-01-25', 40, 35, 2, 8),
('2021-01-25', 40, 158, 2, 32),
('2021-01-25', 40, 126, 3, 15),
('2021-01-25', 24, 161, 2, 40),
('2021-01-25', 24, 47, 1, 12),
('2021-01-25', 24, 44, 6, 48),
('2021-01-25', 24, 26, 3, 3),
('2021-01-25', 24, 129, 6, 12),
('2021-01-25', 24, 170, 1, 3),
('2021-01-25', 32, 160, 6, 42),
('2021-01-25', 32, 73, 2, 6),
('2021-01-25', 32, 124, 1, 5),
('2021-01-25', 32, 11, 1, 0),
('2021-01-25', 23, 128, 5, 15),
('2021-01-25', 23, 43, 5, 40),
('2021-01-25', 23, 149, 2, 36),
('2021-01-25', 23, 165, 3, 21),
('2021-01-25', 23, 70, 2, 10),
('2021-01-25', 23, 61, 6, 150),
('2021-01-26', 33, 30, 2, 18),
('2021-01-26', 33, 101, 5, 15),
('2021-01-26', 33, 66, 6, 30),
('2021-01-26', 33, 100, 5, 200),
('2021-01-26', 33, 78, 6, 114),
('2021-01-26', 33, 72, 2, 8),
('2021-01-26', 33, 127, 4, 8),
('2021-01-26', 8, 7, 1, 1),
('2021-01-26', 8, 93, 3, 54),
('2021-01-26', 8, 136, 6, 30),
('2021-01-26', 8, 86, 1, 13),
('2021-01-26', 8, 130, 5, 35),
('2021-01-26', 27, 49, 2, 6),
('2021-01-26', 27, 29, 1, 3),
('2021-01-26', 10, 103, 3, 6),
('2021-01-26', 10, 179, 5, 30),
('2021-01-26', 10, 177, 2, 6),
('2021-01-26', 10, 65, 1, 5),
('2021-01-26', 10, 2, 4, 24),
('2021-01-26', 29, 144, 3, 42),
('2021-01-26', 29, 129, 4, 8),
('2021-01-26', 29, 14, 5, 10),
('2021-01-26', 29, 18, 2, 2),
('2021-01-27', 40, 21, 6, 6),
('2021-01-27', 40, 121, 6, 24),
('2021-01-27', 40, 82, 5, 65),
('2021-01-27', 40, 130, 6, 42),
('2021-01-27', 39, 111, 5, 5),
('2021-01-27', 39, 154, 4, 60),
('2021-01-27', 39, 57, 6, 60),
('2021-01-27', 39, 154, 1, 15),
('2021-01-27', 39, 54, 4, 68),
('2021-01-27', 39, 34, 6, 36),
('2021-01-27', 39, 95, 2, 44),
('2021-01-27', 39, 101, 5, 15),
('2021-01-27', 39, 86, 1, 13),
('2021-01-28', 13, 111, 5, 5),
('2021-01-29', 36, 115, 4, 8),
('2021-01-29', 36, 145, 5, 65),
('2021-01-29', 36, 69, 3, 27),
('2021-01-29', 36, 56, 6, 96),
('2021-01-29', 36, 47, 2, 24),
('2021-01-29', 36, 67, 3, 18),
('2021-01-29', 36, 179, 5, 30),
('2021-01-29', 36, 83, 6, 48),
('2021-01-29', 36, 146, 3, 45),
('2021-01-29', 23, 76, 5, 100),
('2021-01-29', 23, 20, 3, 9),
('2021-01-29', 2, 19, 1, 1),
('2021-01-29', 2, 71, 3, 12),
('2021-01-29', 2, 179, 3, 18),
('2021-01-29', 2, 126, 5, 25),
('2021-01-29', 2, 138, 6, 96),
('2021-01-29', 2, 122, 1, 6),
('2021-01-29', 36, 97, 3, 63),
('2021-01-29', 36, 54, 1, 17),
('2021-01-29', 36, 3, 6, 24),
('2021-01-29', 36, 90, 4, 40),
('2021-01-29', 36, 56, 3, 48),
('2021-01-29', 19, 28, 2, 2),
('2021-01-29', 19, 111, 2, 2),
('2021-01-29', 19, 136, 3, 15),
('2021-01-29', 19, 174, 1, 6),
('2021-01-29', 19, 152, 1, 12),
('2021-01-29', 39, 115, 2, 4),
('2021-01-29', 39, 108, 3, 6),
('2021-01-29', 34, 58, 3, 27),
('2021-01-29', 34, 125, 5, 50),
('2021-02-01', 37, 75, 4, 80),
('2021-02-01', 37, 123, 4, 24),
('2021-02-01', 37, 40, 2, 14),
('2021-02-02', 4, 59, 3, 39),
('2021-02-02', 4, 96, 5, 110),
('2021-02-02', 4, 66, 2, 10),
('2021-02-02', 4, 57, 5, 50),
('2021-02-02', 4, 86, 3, 39),
('2021-02-02', 4, 50, 2, 44),
('2021-02-02', 4, 45, 6, 42),
('2021-02-02', 4, 137, 4, 16),
('2021-02-02', 4, 139, 5, 15),
('2021-02-02', 25, 118, 4, 12),
('2021-02-02', 25, 30, 2, 18),
('2021-02-02', 25, 175, 6, 42),
('2021-02-02', 25, 49, 6, 18),
('2021-02-02', 25, 60, 2, 16),
('2021-02-02', 25, 50, 2, 44),
('2021-02-02', 25, 147, 5, 35),
('2021-02-02', 1, 7, 3, 3),
('2021-02-02', 1, 153, 4, 48),
('2021-02-02', 1, 12, 1, 0),
('2021-02-02', 25, 92, 5, 50),
('2021-02-02', 25, 115, 6, 12),
('2021-02-02', 25, 83, 4, 32),
('2021-02-02', 25, 140, 3, 24),
('2021-02-02', 25, 91, 2, 18),
('2021-02-02', 25, 69, 6, 54),
('2021-02-02', 25, 135, 1, 9),
('2021-02-02', 25, 52, 3, 54),
('2021-02-02', 32, 151, 3, 18),
('2021-02-02', 32, 124, 1, 5),
('2021-02-02', 32, 159, 5, 75),
('2021-02-02', 32, 14, 3, 6),
('2021-02-02', 32, 137, 1, 4),
('2021-02-02', 32, 6, 5, 5),
('2021-02-02', 13, 26, 4, 4),
('2021-02-02', 13, 160, 6, 42),
('2021-02-02', 13, 93, 3, 54),
('2021-02-03', 31, 147, 6, 42),
('2021-02-03', 31, 73, 6, 18),
('2021-02-03', 31, 11, 5, 0),
('2021-02-03', 31, 142, 4, 44),
('2021-02-03', 31, 150, 5, 25),
('2021-02-03', 31, 71, 6, 24),
('2021-02-03', 31, 69, 1, 9),
('2021-02-03', 8, 73, 1, 3),
('2021-02-03', 8, 112, 3, 6),
('2021-02-03', 8, 24, 3, 6),
('2021-02-03', 8, 124, 1, 5),
('2021-02-04', 21, 170, 1, 3),
('2021-02-04', 21, 46, 1, 16),
('2021-02-04', 21, 62, 2, 20),
('2021-02-04', 21, 171, 5, 15),
('2021-02-04', 21, 77, 6, 132),
('2021-02-04', 21, 81, 1, 9),
('2021-02-04', 21, 144, 6, 84),
('2021-02-04', 21, 18, 2, 2),
('2021-02-04', 23, 132, 3, 9),
('2021-02-04', 23, 52, 2, 36),
('2021-02-04', 23, 127, 6, 12),
('2021-02-04', 23, 15, 3, 6),
('2021-02-05', 37, 149, 4, 72),
('2021-02-05', 37, 120, 5, 20),
('2021-02-05', 37, 107, 4, 12),
('2021-02-05', 37, 45, 2, 14),
('2021-02-05', 37, 86, 2, 26),
('2021-02-05', 5, 122, 4, 24),
('2021-02-05', 5, 38, 3, 9),
('2021-02-05', 5, 167, 5, 40),
('2021-02-05', 2, 79, 5, 55),
('2021-02-05', 2, 97, 3, 63),
('2021-02-05', 2, 168, 5, 5),
('2021-02-05', 2, 37, 2, 4),
('2021-02-05', 2, 114, 5, 10),
('2021-02-05', 40, 45, 6, 42),
('2021-02-05', 40, 66, 6, 30),
('2021-02-05', 40, 1, 2, 10),
('2021-02-05', 13, 111, 1, 1),
('2021-02-05', 13, 48, 4, 52),
('2021-02-05', 13, 55, 1, 17),
('2021-02-05', 13, 42, 2, 12),
('2021-02-05', 13, 141, 6, 54),
('2021-02-05', 13, 119, 6, 12),
('2021-02-06', 40, 27, 2, 4),
('2021-02-06', 40, 114, 5, 10),
('2021-02-06', 40, 160, 6, 42),
('2021-02-06', 40, 79, 4, 44),
('2021-02-06', 40, 117, 6, 18),
('2021-02-06', 20, 51, 2, 30),
('2021-02-06', 20, 73, 4, 12),
('2021-02-06', 5, 47, 5, 60),
('2021-02-06', 5, 2, 1, 6),
('2021-02-06', 5, 116, 4, 12),
('2021-02-06', 12, 120, 1, 4),
('2021-02-07', 16, 173, 6, 18),
('2021-02-07', 16, 50, 3, 66),
('2021-02-07', 16, 113, 3, 6),
('2021-02-07', 16, 140, 6, 48),
('2021-02-07', 16, 128, 5, 15),
('2021-02-07', 16, 68, 3, 24),
('2021-02-07', 16, 79, 5, 55),
('2021-02-07', 16, 6, 4, 4),
('2021-02-07', 16, 93, 4, 72),
('2021-02-07', 9, 32, 2, 2),
('2021-02-07', 9, 162, 3, 6),
('2021-02-07', 6, 99, 5, 200),
('2021-02-07', 24, 25, 2, 4),
('2021-02-07', 24, 53, 1, 22),
('2021-02-07', 24, 24, 5, 10),
('2021-02-07', 24, 79, 3, 33),
('2021-02-07', 24, 89, 6, 66),
('2021-02-07', 24, 137, 2, 8),
('2021-02-07', 24, 125, 5, 50),
('2021-02-07', 24, 84, 4, 60),
('2021-02-07', 24, 128, 6, 18),
('2021-02-07', 12, 2, 5, 30),
('2021-02-07', 12, 77, 6, 132),
('2021-02-07', 12, 99, 3, 120),
('2021-02-07', 12, 110, 2, 4),
('2021-02-07', 33, 12, 3, 0),
('2021-02-07', 33, 136, 6, 30),
('2021-02-08', 26, 50, 1, 22),
('2021-02-08', 26, 136, 1, 5),
('2021-02-08', 26, 18, 5, 5),
('2021-02-08', 26, 29, 6, 18),
('2021-02-08', 26, 76, 3, 60),
('2021-02-08', 26, 122, 2, 12),
('2021-02-08', 26, 152, 6, 72),
('2021-02-08', 26, 118, 5, 15),
('2021-02-08', 19, 169, 1, 22),
('2021-02-08', 19, 156, 6, 30),
('2021-02-08', 19, 155, 6, 66),
('2021-02-08', 19, 28, 3, 3),
('2021-02-08', 19, 51, 2, 30),
('2021-02-08', 37, 96, 3, 66),
('2021-02-08', 37, 44, 5, 40),
('2021-02-08', 37, 83, 4, 32),
('2021-02-08', 37, 131, 3, 15),
('2021-02-08', 37, 75, 6, 120),
('2021-02-09', 7, 125, 1, 10),
('2021-02-09', 7, 79, 2, 22),
('2021-02-09', 9, 99, 2, 80),
('2021-02-09', 9, 85, 5, 65),
('2021-02-09', 9, 37, 5, 10),
('2021-02-09', 9, 170, 3, 9),
('2021-02-09', 9, 112, 4, 8),
('2021-02-09', 9, 110, 2, 4),
('2021-02-09', 21, 167, 4, 32),
('2021-02-09', 21, 23, 4, 4),
('2021-02-09', 21, 157, 5, 70),
('2021-02-09', 21, 27, 1, 2),
('2021-02-09', 21, 162, 6, 12),
('2021-02-09', 21, 145, 1, 13),
('2021-02-09', 21, 179, 5, 30),
('2021-02-09', 21, 149, 2, 36),
('2021-02-10', 6, 19, 5, 5),
('2021-02-10', 6, 159, 2, 30),
('2021-02-10', 6, 22, 5, 0),
('2021-02-10', 6, 4, 5, 40),
('2021-02-10', 6, 22, 3, 0),
('2021-02-10', 6, 86, 2, 26),
('2021-02-10', 6, 53, 3, 66),
('2021-02-10', 6, 1, 1, 5),
('2021-02-10', 6, 23, 5, 5),
('2021-02-10', 6, 9, 5, 15),
('2021-02-10', 6, 129, 3, 6),
('2021-02-10', 6, 82, 2, 26),
('2021-02-10', 23, 8, 2, 2),
('2021-02-10', 23, 44, 6, 48),
('2021-02-10', 23, 83, 2, 16),
('2021-02-10', 23, 146, 4, 60),
('2021-02-10', 23, 3, 5, 20),
('2021-02-10', 23, 22, 6, 0),
('2021-02-10', 23, 52, 1, 18),
('2021-02-10', 23, 92, 4, 40),
('2021-02-10', 23, 69, 4, 36),
('2021-02-11', 7, 21, 3, 3),
('2021-02-11', 7, 75, 6, 120),
('2021-02-11', 7, 134, 1, 5),
('2021-02-11', 7, 42, 1, 6),
('2021-02-11', 7, 42, 2, 12),
('2021-02-11', 7, 13, 2, 2),
('2021-02-11', 7, 143, 5, 75),
('2021-02-11', 7, 164, 3, 15),
('2021-02-11', 7, 40, 3, 21),
('2021-02-11', 7, 95, 3, 66),
('2021-02-11', 7, 172, 5, 75),
('2021-02-11', 7, 113, 6, 12),
('2021-02-11', 7, 109, 6, 6),
('2021-02-11', 7, 123, 1, 6),
('2021-02-11', 7, 23, 1, 1),
('2021-02-11', 7, 74, 2, 50),
('2021-02-11', 40, 5, 2, 4),
('2021-02-11', 40, 29, 5, 15),
('2021-02-11', 40, 45, 3, 21),
('2021-02-11', 40, 20, 6, 18),
('2021-02-11', 12, 145, 5, 65),
('2021-02-11', 12, 159, 2, 30),
('2021-02-11', 12, 130, 1, 7),
('2021-02-11', 12, 44, 2, 16),
('2021-02-11', 12, 149, 5, 90),
('2021-02-11', 12, 15, 5, 10),
('2021-02-11', 24, 112, 4, 8),
('2021-02-11', 24, 173, 4, 12),
('2021-02-11', 24, 105, 2, 6),
('2021-02-11', 24, 78, 3, 57),
('2021-02-11', 24, 33, 4, 4),
('2021-02-11', 24, 173, 6, 18),
('2021-02-11', 6, 5, 6, 12),
('2021-02-11', 6, 120, 6, 24),
('2021-02-11', 6, 105, 3, 9),
('2021-02-11', 6, 89, 1, 11),
('2021-02-11', 6, 20, 2, 6),
('2021-02-11', 6, 150, 2, 10),
('2021-02-11', 6, 102, 1, 4),
('2021-02-11', 6, 74, 6, 150),
('2021-02-12', 36, 103, 5, 10),
('2021-02-12', 36, 76, 4, 80),
('2021-02-12', 36, 145, 5, 65),
('2021-02-12', 36, 125, 2, 20),
('2021-02-12', 17, 59, 6, 78),
('2021-02-12', 17, 128, 5, 15),
('2021-02-12', 17, 71, 6, 24),
('2021-02-12', 17, 102, 2, 8),
('2021-02-12', 17, 91, 6, 54),
('2021-02-12', 17, 58, 3, 27),
('2021-02-12', 30, 147, 2, 14),
('2021-02-12', 30, 127, 4, 8),
('2021-02-12', 30, 72, 1, 4),
('2021-02-13', 5, 46, 5, 80),
('2021-02-13', 5, 99, 5, 200),
('2021-02-13', 5, 170, 3, 9),
('2021-02-13', 5, 21, 4, 4),
('2021-02-13', 5, 36, 2, 4),
('2021-02-13', 5, 97, 6, 126),
('2021-02-13', 5, 85, 2, 26),
('2021-02-13', 5, 8, 4, 4),
('2021-02-13', 5, 135, 6, 54),
('2021-02-13', 14, 89, 4, 44),
('2021-02-13', 14, 116, 5, 15),
('2021-02-13', 14, 121, 5, 20),
('2021-02-13', 14, 124, 2, 10),
('2021-02-13', 14, 136, 3, 15),
('2021-02-13', 14, 122, 4, 24),
('2021-02-13', 14, 129, 2, 4),
('2021-02-13', 14, 62, 6, 60),
('2021-02-13', 1, 161, 1, 20),
('2021-02-13', 1, 112, 3, 6),
('2021-02-13', 1, 10, 4, 4),
('2021-02-13', 1, 3, 2, 8),
('2021-02-15', 6, 103, 5, 10),
('2021-02-15', 6, 91, 6, 54),
('2021-02-15', 6, 155, 6, 66),
('2021-02-15', 6, 8, 1, 1),
('2021-02-15', 6, 115, 4, 8),
('2021-02-15', 6, 43, 5, 40),
('2021-02-15', 6, 22, 5, 0),
('2021-02-15', 3, 3, 4, 16),
('2021-02-15', 3, 172, 6, 90),
('2021-02-15', 3, 99, 1, 40),
('2021-02-15', 18, 77, 6, 132),
('2021-02-15', 18, 164, 5, 25),
('2021-02-15', 18, 76, 6, 120),
('2021-02-15', 18, 122, 1, 6),
('2021-02-15', 16, 172, 4, 60),
('2021-02-15', 16, 51, 6, 90),
('2021-02-15', 16, 84, 2, 30),
('2021-02-15', 16, 105, 4, 12),
('2021-02-15', 18, 47, 5, 60),
('2021-02-15', 23, 140, 5, 40),
('2021-02-15', 23, 15, 3, 6),
('2021-02-15', 23, 20, 6, 18),
('2021-02-15', 23, 127, 6, 12),
('2021-02-15', 23, 128, 5, 15),
('2021-02-16', 36, 98, 4, 120),
('2021-02-16', 36, 150, 1, 5),
('2021-02-16', 36, 85, 6, 78),
('2021-02-16', 36, 93, 3, 54),
('2021-02-16', 36, 23, 2, 2),
('2021-02-16', 12, 107, 4, 12),
('2021-02-16', 12, 176, 3, 12),
('2021-02-16', 12, 85, 6, 78),
('2021-02-16', 12, 170, 3, 9),
('2021-02-16', 12, 155, 3, 33),
('2021-02-16', 12, 5, 1, 2),
('2021-02-16', 12, 63, 6, 48),
('2021-02-16', 12, 102, 6, 24),
('2021-02-16', 2, 74, 4, 100),
('2021-02-16', 2, 89, 4, 44),
('2021-02-16', 37, 151, 5, 30),
('2021-02-16', 37, 158, 3, 48),
('2021-02-16', 37, 120, 5, 20),
('2021-02-16', 37, 125, 6, 60),
('2021-02-16', 37, 11, 5, 0),
('2021-02-16', 37, 34, 2, 12),
('2021-02-16', 37, 110, 2, 4),
('2021-02-17', 35, 164, 5, 25),
('2021-02-17', 35, 141, 2, 18),
('2021-02-17', 35, 88, 5, 50),
('2021-02-17', 35, 46, 3, 48),
('2021-02-17', 35, 51, 4, 60),
('2021-02-17', 35, 87, 4, 80),
('2021-02-18', 24, 86, 6, 78),
('2021-02-18', 36, 138, 1, 16),
('2021-02-18', 36, 22, 3, 0),
('2021-02-18', 36, 149, 3, 54),
('2021-02-18', 36, 63, 6, 48),
('2021-02-18', 36, 90, 6, 60),
('2021-02-18', 36, 33, 5, 5),
('2021-02-19', 34, 29, 4, 12),
('2021-02-19', 34, 47, 4, 48),
('2021-02-19', 34, 155, 1, 11),
('2021-02-19', 34, 119, 5, 10),
('2021-02-19', 34, 15, 5, 10),
('2021-02-19', 34, 179, 6, 36),
('2021-02-19', 34, 95, 4, 88),
('2021-02-20', 5, 130, 6, 42),
('2021-02-20', 5, 2, 3, 18),
('2021-02-20', 5, 60, 5, 40),
('2021-02-20', 5, 119, 6, 12),
('2021-02-20', 13, 119, 4, 8),
('2021-02-20', 13, 177, 4, 12),
('2021-02-20', 13, 20, 3, 9),
('2021-02-20', 13, 39, 6, 18),
('2021-02-20', 13, 106, 3, 6),
('2021-02-20', 14, 37, 4, 8),
('2021-02-20', 14, 39, 4, 12),
('2021-02-20', 14, 98, 5, 150),
('2021-02-20', 14, 31, 3, 6),
('2021-02-20', 14, 126, 1, 5),
('2021-02-20', 14, 10, 3, 3),
('2021-02-20', 14, 48, 3, 39),
('2021-02-20', 14, 38, 1, 3),
('2021-02-20', 14, 62, 6, 60),
('2021-02-20', 20, 93, 1, 18),
('2021-02-20', 9, 159, 4, 60),
('2021-02-20', 9, 43, 3, 24),
('2021-02-22', 3, 15, 1, 2),
('2021-02-22', 3, 105, 5, 15),
('2021-02-22', 3, 15, 1, 2),
('2021-02-22', 3, 119, 5, 10),
('2021-02-22', 3, 137, 6, 24),
('2021-02-22', 3, 162, 2, 4),
('2021-02-22', 3, 83, 1, 8),
('2021-02-22', 3, 72, 4, 16),
('2021-02-22', 2, 134, 5, 25),
('2021-02-22', 2, 144, 5, 70),
('2021-02-22', 2, 7, 4, 4),
('2021-02-22', 2, 113, 5, 10),
('2021-02-22', 2, 155, 6, 66),
('2021-02-22', 13, 57, 3, 30),
('2021-02-24', 15, 1, 1, 5),
('2021-02-24', 15, 151, 2, 12),
('2021-02-24', 15, 164, 6, 30),
('2021-02-24', 15, 16, 1, 5),
('2021-02-24', 15, 149, 2, 36),
('2021-02-24', 39, 63, 1, 8),
('2021-02-24', 39, 139, 2, 6),
('2021-02-24', 39, 101, 3, 9),
('2021-02-24', 39, 72, 1, 4),
('2021-02-24', 39, 11, 1, 0),
('2021-02-24', 39, 31, 6, 12),
('2021-02-24', 39, 169, 2, 44),
('2021-02-24', 39, 167, 5, 40),
('2021-02-24', 32, 5, 6, 12),
('2021-02-24', 32, 129, 3, 6),
('2021-02-24', 32, 54, 3, 51),
('2021-02-24', 32, 54, 3, 51),
('2021-02-24', 32, 17, 6, 12),
('2021-02-24', 26, 46, 1, 16),
('2021-02-24', 26, 59, 2, 26),
('2021-02-24', 26, 22, 4, 0),
('2021-02-24', 26, 83, 1, 8),
('2021-02-24', 26, 97, 2, 42),
('2021-02-24', 26, 114, 1, 2),
('2021-02-24', 26, 154, 5, 75),
('2021-02-24', 26, 168, 2, 2),
('2021-02-24', 37, 172, 2, 30),
('2021-02-24', 37, 11, 1, 0),
('2021-02-24', 37, 144, 4, 56),
('2021-02-24', 37, 24, 4, 8),
('2021-02-24', 37, 11, 6, 0),
('2021-02-24', 37, 85, 4, 52),
('2021-02-24', 37, 148, 2, 20),
('2021-02-24', 37, 166, 1, 8),
('2021-02-24', 28, 151, 5, 30),
('2021-02-24', 28, 133, 5, 45),
('2021-02-24', 28, 11, 2, 0),
('2021-02-24', 28, 105, 6, 18),
('2021-02-25', 14, 2, 2, 12),
('2021-02-25', 14, 147, 4, 28),
('2021-02-25', 14, 155, 3, 33),
('2021-02-25', 9, 120, 3, 12),
('2021-02-25', 9, 87, 2, 40),
('2021-02-25', 6, 18, 3, 3),
('2021-02-25', 6, 92, 6, 60),
('2021-02-25', 1, 87, 6, 120),
('2021-02-25', 1, 129, 3, 6),
('2021-02-25', 1, 50, 6, 132),
('2021-02-25', 1, 31, 6, 12),
('2021-02-25', 25, 150, 1, 5),
('2021-02-25', 25, 131, 1, 5),
('2021-02-25', 25, 123, 3, 18),
('2021-02-25', 13, 35, 1, 4),
('2021-02-25', 13, 109, 6, 6),
('2021-02-25', 13, 57, 3, 30),
('2021-02-25', 13, 97, 2, 42),
('2021-02-25', 13, 119, 3, 6),
('2021-02-25', 13, 148, 4, 40),
('2021-02-25', 13, 67, 3, 18),
('2021-02-25', 13, 114, 3, 6),
('2021-02-25', 13, 117, 2, 6),
('2021-02-26', 25, 33, 2, 2),
('2021-02-26', 25, 31, 2, 4),
('2021-02-26', 6, 128, 4, 12),
('2021-02-26', 6, 74, 1, 25),
('2021-02-26', 6, 58, 3, 27),
('2021-02-26', 6, 157, 1, 14),
('2021-02-26', 24, 153, 6, 72),
('2021-02-26', 24, 112, 5, 10),
('2021-02-26', 24, 36, 4, 8),
('2021-02-26', 40, 46, 3, 48),
('2021-02-26', 33, 155, 4, 44),
('2021-02-26', 33, 121, 5, 20),
('2021-02-26', 33, 67, 3, 18),
('2021-02-26', 33, 119, 5, 10),
('2021-02-26', 33, 111, 1, 1),
('2021-02-26', 33, 68, 6, 48),
('2021-02-26', 33, 170, 5, 15),
('2021-02-26', 33, 163, 1, 15),
('2021-02-26', 33, 37, 4, 8),
('2021-02-26', 35, 131, 1, 5),
('2021-02-26', 35, 55, 4, 68),
('2021-02-27', 31, 16, 4, 20),
('2021-02-27', 31, 5, 6, 12),
('2021-02-27', 31, 20, 1, 3),
('2021-02-27', 31, 13, 6, 6),
('2021-02-27', 25, 24, 3, 6),
('2021-02-27', 25, 96, 3, 66),
('2021-02-27', 25, 166, 6, 48),
('2021-02-27', 25, 67, 6, 36),
('2021-02-27', 25, 120, 6, 24),
('2021-02-27', 4, 15, 6, 12),
('2021-02-27', 4, 23, 3, 3),
('2021-02-27', 4, 69, 6, 54),
('2021-02-27', 4, 87, 1, 20),
('2021-02-27', 25, 5, 2, 4),
('2021-02-27', 25, 92, 6, 60),
('2021-02-27', 25, 55, 6, 102),
('2021-02-27', 25, 110, 5, 10),
('2021-02-27', 25, 63, 5, 40),
('2021-02-27', 25, 162, 6, 12),
('2021-02-27', 25, 157, 1, 14),
('2021-02-27', 34, 19, 6, 6),
('2021-02-27', 34, 74, 3, 75),
('2021-02-28', 35, 123, 5, 30),
('2021-02-28', 35, 9, 1, 3),
('2021-02-28', 35, 49, 6, 18),
('2021-02-28', 35, 9, 5, 15),
('2021-02-28', 35, 27, 3, 6),
('2021-02-28', 35, 35, 3, 12),
('2021-02-28', 35, 72, 3, 12),
('2021-02-28', 14, 113, 5, 10),
('2021-02-28', 32, 166, 3, 24),
('0000-00-00', 25, 53, 4, 88),
('0000-00-00', 25, 159, 4, 60),
('0000-00-00', 25, 102, 1, 4),
('0000-00-00', 25, 173, 4, 12),
('0000-00-00', 25, 169, 3, 66),
('0000-00-00', 25, 58, 2, 18),
('0000-00-00', 25, 116, 2, 6),
('0000-00-00', 25, 167, 5, 40),
('0000-00-00', 16, 45, 3, 21),
('0000-00-00', 16, 74, 2, 50),
('0000-00-00', 16, 47, 5, 60),
('0000-00-00', 16, 73, 5, 15),
('0000-00-00', 16, 76, 1, 20),
('0000-00-00', 16, 108, 2, 4),
('0000-00-00', 16, 127, 4, 8),
('0000-00-00', 16, 129, 6, 12),
('0000-00-00', 24, 174, 5, 30),
('0000-00-00', 24, 4, 1, 8),
('0000-00-00', 24, 15, 1, 2),
('0000-00-00', 24, 88, 3, 30),
('0000-00-00', 24, 49, 5, 15),
('0000-00-00', 24, 171, 5, 15),
('0000-00-00', 24, 46, 6, 96),
('0000-00-00', 31, 122, 2, 12),
('0000-00-00', 31, 61, 6, 150),
('0000-00-00', 10, 86, 4, 52),
('0000-00-00', 10, 87, 4, 80),
('0000-00-00', 10, 140, 1, 8),
('0000-00-00', 10, 134, 1, 5),
('0000-00-00', 10, 62, 2, 20),
('0000-00-00', 35, 135, 1, 9),
('0000-00-00', 35, 38, 4, 12),
('0000-00-00', 35, 19, 5, 5),
('0000-00-00', 35, 108, 6, 12),
('0000-00-00', 35, 178, 6, 42),
('0000-00-00', 35, 70, 3, 15),
('0000-00-00', 35, 92, 6, 60),
('0000-00-00', 35, 75, 1, 20),
('0000-00-00', 35, 46, 3, 48),
('0000-00-00', 2, 57, 4, 40),
('0000-00-00', 2, 12, 4, 0),
('0000-00-00', 2, 53, 2, 44),
('0000-00-00', 2, 157, 4, 56),
('0000-00-00', 11, 54, 5, 85),
('0000-00-00', 11, 153, 6, 72),
('0000-00-00', 11, 123, 3, 18),
('0000-00-00', 11, 23, 1, 1),
('0000-00-00', 35, 124, 4, 20),
('0000-00-00', 35, 37, 5, 10),
('0000-00-00', 35, 113, 4, 8),
('0000-00-00', 35, 95, 6, 132),
('0000-00-00', 35, 98, 5, 150),
('0000-00-00', 35, 34, 3, 18),
('0000-00-00', 22, 4, 2, 16),
('0000-00-00', 22, 32, 2, 2),
('0000-00-00', 22, 68, 6, 48),
('0000-00-00', 22, 105, 3, 9),
('2021-03-02', 14, 95, 2, 44),
('2021-03-02', 14, 95, 3, 66),
('2021-03-02', 14, 92, 2, 20),
('2021-03-02', 14, 137, 1, 4),
('2021-03-02', 14, 71, 1, 4),
('2021-03-02', 14, 23, 1, 1),
('2021-03-02', 14, 3, 3, 12),
('2021-03-02', 9, 129, 1, 2),
('2021-03-02', 9, 22, 1, 0),
('2021-03-02', 9, 63, 5, 40),
('2021-03-02', 9, 79, 1, 11),
('2021-03-02', 9, 46, 1, 16),
('2021-03-02', 9, 48, 3, 39),
('2021-03-02', 9, 50, 6, 132),
('2021-03-02', 9, 34, 3, 18),
('2021-03-02', 9, 135, 6, 54),
('2021-03-02', 13, 96, 5, 110),
('2021-03-02', 13, 38, 3, 9),
('2021-03-02', 13, 172, 1, 15),
('2021-03-02', 13, 179, 3, 18),
('2021-03-02', 13, 157, 6, 84),
('2021-03-03', 2, 121, 1, 4),
('2021-03-03', 2, 118, 1, 3),
('2021-03-03', 2, 46, 1, 16),
('2021-03-03', 2, 170, 4, 12),
('2021-03-03', 2, 33, 2, 2),
('2021-03-03', 2, 22, 5, 0),
('2021-03-03', 17, 163, 3, 45),
('2021-03-03', 17, 77, 3, 66),
('2021-03-03', 17, 93, 6, 108),
('2021-03-03', 17, 34, 1, 6),
('2021-03-04', 37, 44, 4, 32),
('2021-03-04', 5, 121, 6, 24),
('2021-03-04', 5, 164, 1, 5),
('2021-03-04', 5, 76, 1, 20),
('2021-03-04', 6, 16, 4, 20),
('2021-03-04', 6, 25, 1, 2),
('2021-03-04', 6, 135, 5, 45),
('2021-03-04', 6, 134, 5, 25),
('2021-03-04', 6, 4, 2, 16),
('2021-03-04', 13, 176, 3, 12),
('2021-03-04', 13, 125, 3, 30),
('2021-03-04', 13, 42, 5, 30),
('2021-03-04', 13, 39, 1, 3),
('2021-03-04', 13, 155, 5, 55),
('2021-03-04', 13, 131, 4, 20),
('2021-03-04', 13, 84, 5, 75),
('2021-03-04', 13, 103, 3, 6),
('2021-03-04', 6, 107, 5, 15),
('2021-03-04', 6, 85, 1, 13),
('2021-03-04', 6, 25, 6, 12),
('2021-03-04', 6, 101, 2, 6),
('2021-03-06', 1, 120, 1, 4),
('2021-03-06', 1, 159, 1, 15),
('2021-03-06', 1, 151, 4, 24),
('2021-03-06', 1, 145, 5, 65),
('2021-03-06', 1, 163, 5, 75),
('2021-03-06', 35, 128, 5, 15),
('2021-03-06', 35, 114, 4, 8),
('2021-03-06', 35, 109, 5, 5),
('2021-03-06', 35, 41, 4, 20),
('2021-03-06', 35, 77, 6, 132),
('2021-03-06', 35, 42, 4, 24),
('2021-03-06', 21, 134, 5, 25),
('2021-03-06', 21, 130, 6, 42),
('2021-03-06', 21, 64, 5, 35),
('2021-03-06', 21, 70, 2, 10),
('2021-03-06', 21, 29, 5, 15),
('2021-03-06', 21, 64, 4, 28),
('2021-03-06', 31, 174, 3, 18),
('2021-03-06', 31, 41, 3, 15),
('2021-03-06', 31, 14, 5, 10),
('2021-03-06', 31, 32, 1, 1),
('2021-03-06', 31, 3, 5, 20),
('2021-03-06', 31, 124, 4, 20),
('2021-03-06', 26, 66, 6, 30),
('2021-03-06', 26, 49, 2, 6),
('2021-03-06', 26, 55, 6, 102),
('2021-03-06', 26, 139, 6, 18),
('2021-03-06', 26, 16, 5, 25),
('2021-03-06', 26, 87, 2, 40),
('2021-03-06', 26, 146, 2, 30),
('2021-03-06', 26, 45, 4, 28),
('2021-03-06', 4, 74, 6, 150),
('2021-03-06', 4, 174, 2, 12),
('2021-03-06', 4, 146, 4, 60),
('2021-03-06', 4, 144, 5, 70),
('2021-03-06', 4, 95, 4, 88),
('2021-03-06', 4, 39, 5, 15),
('2021-03-06', 4, 158, 1, 16),
('2021-03-06', 4, 72, 4, 16),
('2021-03-07', 6, 123, 2, 12),
('2021-03-08', 39, 151, 4, 24),
('2021-03-08', 39, 93, 2, 36),
('2021-03-08', 31, 41, 2, 10),
('2021-03-08', 31, 17, 5, 10),
('2021-03-08', 31, 166, 2, 16),
('2021-03-08', 31, 69, 6, 54),
('2021-03-08', 31, 172, 4, 60),
('2021-03-08', 31, 133, 3, 27),
('2021-03-08', 31, 31, 3, 6),
('2021-03-08', 31, 137, 1, 4),
('2021-03-08', 31, 162, 6, 12),
('2021-03-08', 22, 179, 3, 18),
('2021-03-08', 27, 144, 1, 14),
('2021-03-08', 27, 43, 6, 48),
('2021-03-08', 27, 30, 6, 54),
('2021-03-09', 18, 105, 4, 12),
('2021-03-09', 18, 49, 3, 9),
('2021-03-09', 18, 162, 1, 2),
('2021-03-09', 18, 15, 3, 6),
('2021-03-09', 16, 16, 3, 15),
('2021-03-09', 16, 175, 1, 7),
('2021-03-09', 16, 4, 5, 40),
('2021-03-09', 7, 16, 2, 10),
('2021-03-09', 7, 164, 4, 20),
('2021-03-09', 1, 85, 2, 26),
('2021-03-10', 40, 82, 4, 52),
('2021-03-10', 40, 50, 3, 66),
('2021-03-10', 40, 17, 1, 2),
('2021-03-10', 40, 72, 6, 24),
('2021-03-10', 40, 53, 4, 88),
('2021-03-10', 40, 37, 3, 6),
('2021-03-10', 40, 119, 5, 10),
('2021-03-10', 2, 51, 6, 90),
('2021-03-10', 2, 130, 3, 21),
('2021-03-10', 31, 112, 2, 4),
('2021-03-10', 31, 31, 1, 2),
('2021-03-10', 31, 103, 6, 12),
('2021-03-10', 31, 22, 1, 0),
('2021-03-10', 31, 166, 5, 40),
('2021-03-10', 29, 92, 5, 50),
('2021-03-10', 29, 92, 1, 10),
('2021-03-10', 29, 123, 3, 18),
('2021-03-10', 29, 114, 1, 2),
('2021-03-10', 29, 52, 5, 90),
('2021-03-10', 29, 121, 3, 12),
('2021-03-10', 29, 119, 2, 4),
('2021-03-10', 29, 128, 4, 12),
('2021-03-10', 26, 65, 6, 30),
('2021-03-10', 26, 107, 4, 12),
('2021-03-10', 26, 125, 6, 60),
('2021-03-10', 26, 62, 1, 10),
('2021-03-10', 26, 57, 1, 10),
('2021-03-10', 26, 43, 4, 32),
('2021-03-10', 13, 23, 1, 1),
('2021-03-10', 13, 54, 6, 102),
('2021-03-10', 13, 62, 5, 50),
('2021-03-10', 13, 63, 3, 24),
('2021-03-10', 13, 133, 6, 54),
('2021-03-10', 13, 11, 1, 0),
('2021-03-10', 13, 119, 6, 12),
('2021-03-10', 13, 94, 1, 17),
('2021-03-10', 13, 170, 5, 15),
('2021-03-11', 8, 167, 4, 32),
('2021-03-11', 8, 114, 3, 6),
('2021-03-11', 8, 52, 6, 108),
('2021-03-11', 8, 24, 6, 12),
('2021-03-11', 8, 65, 2, 10),
('2021-03-11', 8, 160, 1, 7),
('2021-03-11', 8, 22, 3, 0),
('2021-03-11', 8, 115, 3, 6),
('2021-03-11', 8, 6, 3, 3),
('2021-03-11', 24, 12, 5, 0),
('2021-03-11', 24, 81, 1, 9),
('2021-03-11', 24, 124, 5, 25),
('2021-03-11', 24, 82, 4, 52),
('2021-03-11', 24, 158, 5, 80),
('2021-03-12', 35, 1, 2, 10),
('2021-03-12', 35, 151, 6, 36),
('2021-03-13', 40, 132, 3, 9),
('2021-03-13', 40, 20, 1, 3),
('2021-03-13', 40, 39, 5, 15),
('2021-03-13', 40, 24, 6, 12),
('2021-03-13', 40, 116, 5, 15),
('2021-03-13', 40, 5, 6, 12),
('2021-03-13', 30, 47, 2, 24),
('2021-03-13', 30, 132, 5, 15),
('2021-03-13', 30, 145, 3, 39),
('2021-03-13', 30, 60, 5, 40),
('2021-03-13', 30, 24, 4, 8),
('2021-03-13', 30, 136, 6, 30),
('2021-03-13', 30, 38, 1, 3),
('2021-03-13', 29, 90, 3, 30),
('2021-03-13', 29, 82, 2, 26),
('2021-03-13', 29, 175, 6, 42),
('2021-03-13', 29, 120, 4, 16),
('2021-03-13', 5, 105, 3, 9),
('2021-03-13', 5, 154, 3, 45),
('2021-03-13', 5, 165, 6, 42),
('2021-03-13', 5, 127, 2, 4),
('2021-03-13', 5, 160, 1, 7),
('2021-03-13', 5, 110, 4, 8),
('2021-03-13', 5, 40, 2, 14),
('2021-03-13', 2, 24, 2, 4),
('2021-03-13', 2, 176, 6, 24),
('2021-03-13', 2, 60, 2, 16),
('2021-03-13', 2, 158, 4, 64),
('2021-03-13', 2, 9, 2, 6),
('2021-03-13', 29, 179, 5, 30),
('2021-03-13', 29, 172, 6, 90),
('2021-03-13', 16, 103, 3, 6),
('2021-03-13', 16, 173, 3, 9),
('2021-03-13', 16, 5, 4, 8),
('2021-03-14', 36, 1, 6, 30),
('2021-03-14', 36, 14, 6, 12),
('2021-03-14', 39, 146, 4, 60),
('2021-03-14', 39, 168, 5, 5),
('2021-03-14', 39, 79, 1, 11),
('2021-03-14', 2, 146, 2, 30),
('2021-03-14', 2, 159, 2, 30),
('2021-03-14', 2, 48, 5, 65),
('2021-03-14', 2, 98, 1, 30),
('2021-03-14', 2, 117, 1, 3),
('2021-03-14', 25, 55, 2, 34),
('2021-03-14', 25, 34, 5, 30),
('2021-03-14', 25, 13, 6, 6),
('2021-03-14', 25, 154, 4, 60),
('2021-03-14', 25, 54, 3, 51),
('2021-03-14', 25, 131, 4, 20),
('2021-03-14', 25, 149, 1, 18),
('2021-03-14', 25, 69, 2, 18),
('2021-03-14', 1, 165, 6, 42),
('2021-03-14', 1, 121, 5, 20),
('2021-03-14', 38, 32, 2, 2),
('2021-03-14', 38, 91, 4, 36),
('2021-03-14', 15, 45, 5, 35),
('2021-03-14', 15, 100, 2, 80),
('2021-03-14', 15, 44, 4, 32),
('2021-03-14', 15, 112, 2, 4),
('2021-03-14', 15, 16, 1, 5),
('2021-03-14', 15, 161, 1, 20),
('2021-03-15', 21, 99, 2, 80),
('2021-03-15', 21, 73, 6, 18),
('2021-03-15', 12, 14, 6, 12),
('2021-03-15', 8, 41, 3, 15),
('2021-03-15', 8, 136, 6, 30),
('2021-03-15', 8, 15, 3, 6),
('2021-03-15', 38, 63, 2, 16),
('2021-03-15', 38, 42, 5, 30),
('2021-03-15', 11, 104, 5, 5),
('2021-03-15', 11, 96, 6, 132),
('2021-03-15', 11, 81, 3, 27),
('2021-03-15', 11, 68, 6, 48),
('2021-03-15', 11, 147, 3, 21),
('2021-03-15', 21, 29, 5, 15),
('2021-03-15', 21, 31, 4, 8),
('2021-03-15', 18, 10, 1, 1),
('2021-03-17', 16, 29, 4, 12),
('2021-03-17', 16, 161, 2, 40),
('2021-03-17', 16, 10, 3, 3),
('2021-03-17', 16, 142, 6, 66),
('2021-03-17', 16, 136, 5, 25),
('2021-03-17', 16, 143, 2, 30),
('2021-03-17', 16, 133, 2, 18),
('2021-03-17', 16, 23, 1, 1),
('2021-03-17', 39, 90, 6, 60),
('2021-03-17', 39, 164, 5, 25),
('2021-03-17', 39, 25, 4, 8),
('2021-03-17', 39, 99, 2, 80),
('2021-03-17', 39, 136, 1, 5),
('2021-03-17', 39, 60, 4, 32),
('2021-03-17', 39, 104, 5, 5),
('2021-03-17', 39, 44, 3, 24),
('2021-03-17', 39, 57, 4, 40),
('2021-03-17', 30, 36, 4, 8),
('2021-03-17', 30, 145, 1, 13),
('2021-03-17', 30, 168, 6, 6),
('2021-03-17', 30, 162, 4, 8),
('2021-03-17', 30, 134, 4, 20),
('2021-03-17', 30, 178, 6, 42),
('2021-03-18', 6, 157, 4, 56),
('2021-03-18', 6, 152, 2, 24),
('2021-03-18', 6, 101, 3, 9),
('2021-03-18', 6, 20, 4, 12),
('2021-03-18', 6, 167, 2, 16),
('2021-03-18', 6, 97, 4, 84),
('2021-03-18', 6, 57, 2, 20),
('2021-03-18', 6, 41, 3, 15),
('2021-03-18', 6, 102, 5, 20),
('2021-03-18', 31, 6, 6, 6),
('2021-03-18', 31, 42, 2, 12),
('2021-03-18', 31, 98, 6, 180),
('2021-03-18', 31, 45, 1, 7),
('2021-03-18', 31, 83, 1, 8),
('2021-03-18', 31, 160, 5, 35),
('2021-03-18', 31, 110, 3, 6),
('2021-03-18', 31, 137, 5, 20),
('2021-03-18', 31, 62, 3, 30),
('2021-03-18', 39, 92, 1, 10),
('2021-03-18', 39, 10, 5, 5),
('2021-03-18', 39, 80, 5, 35),
('2021-03-18', 39, 28, 4, 4),
('2021-03-18', 39, 179, 4, 24),
('2021-03-18', 35, 91, 6, 54),
('2021-03-18', 35, 47, 4, 48),
('2021-03-18', 35, 147, 4, 28),
('2021-03-18', 35, 170, 5, 15),
('2021-03-18', 35, 50, 3, 66),
('2021-03-18', 35, 3, 2, 8),
('2021-03-18', 35, 130, 1, 7),
('2021-03-18', 35, 10, 1, 1),
('2021-03-19', 11, 70, 3, 15),
('2021-03-19', 30, 149, 6, 108),
('2021-03-19', 30, 15, 3, 6),
('2021-03-19', 30, 119, 5, 10),
('2021-03-19', 30, 40, 3, 21),
('2021-03-19', 30, 109, 3, 3),
('2021-03-19', 30, 115, 4, 8),
('2021-03-19', 30, 156, 3, 15),
('2021-03-19', 30, 56, 1, 16),
('2021-03-19', 30, 33, 3, 3),
('2021-03-19', 28, 136, 2, 10),
('2021-03-19', 28, 137, 5, 20),
('2021-03-19', 28, 57, 1, 10),
('2021-03-19', 28, 177, 5, 15),
('2021-03-19', 28, 14, 5, 10),
('2021-03-19', 14, 135, 5, 45),
('2021-03-20', 6, 174, 5, 30),
('2021-03-20', 6, 36, 2, 4),
('2021-03-20', 6, 103, 2, 4),
('2021-03-20', 6, 79, 6, 66),
('2021-03-20', 6, 86, 5, 65),
('2021-03-20', 19, 6, 5, 5),
('2021-03-20', 19, 68, 1, 8),
('2021-03-20', 19, 13, 2, 2),
('2021-03-20', 19, 137, 3, 12),
('2021-03-20', 19, 170, 4, 12),
('2021-03-21', 26, 143, 5, 75),
('2021-03-21', 26, 99, 1, 40),
('2021-03-21', 26, 62, 2, 20),
('2021-03-21', 26, 63, 4, 32),
('2021-03-21', 26, 37, 3, 6),
('2021-03-21', 31, 151, 4, 24),
('2021-03-21', 40, 41, 2, 10),
('2021-03-21', 40, 139, 6, 18),
('2021-03-21', 40, 149, 4, 72),
('2021-03-21', 40, 57, 2, 20),
('2021-03-21', 40, 111, 2, 2),
('2021-03-21', 40, 62, 2, 20),
('2021-03-21', 40, 12, 1, 0),
('2021-03-21', 40, 13, 4, 4),
('2021-03-21', 6, 40, 5, 35),
('2021-03-21', 6, 52, 4, 72),
('2021-03-21', 6, 1, 3, 15),
('2021-03-21', 6, 91, 1, 9),
('2021-03-21', 6, 27, 1, 2),
('2021-03-21', 6, 46, 1, 16),
('2021-03-21', 6, 156, 4, 20),
('2021-03-21', 6, 90, 3, 30),
('2021-03-21', 36, 128, 2, 6),
('2021-03-21', 36, 74, 6, 150),
('2021-03-22', 39, 160, 3, 21),
('2021-03-22', 31, 8, 3, 3),
('2021-03-22', 31, 42, 5, 30),
('2021-03-22', 31, 127, 1, 2),
('2021-03-22', 18, 134, 5, 25),
('2021-03-22', 18, 2, 3, 18),
('2021-03-22', 18, 88, 4, 40),
('2021-03-22', 18, 4, 4, 32),
('2021-03-22', 18, 141, 4, 36),
('2021-03-22', 3, 175, 3, 21),
('2021-03-22', 3, 43, 3, 24),
('2021-03-22', 3, 163, 6, 90),
('2021-03-22', 3, 25, 6, 12),
('2021-03-22', 3, 166, 4, 32),
('2021-03-22', 3, 154, 4, 60),
('2021-03-22', 3, 156, 3, 15),
('2021-03-22', 3, 178, 2, 14),
('2021-03-22', 4, 113, 6, 12),
('2021-03-22', 4, 75, 5, 100),
('2021-03-22', 4, 66, 4, 20),
('2021-03-22', 4, 38, 5, 15),
('2021-03-22', 4, 53, 2, 44),
('2021-03-22', 4, 55, 5, 85),
('2021-03-22', 4, 2, 5, 30),
('2021-03-22', 4, 8, 1, 1),
('2021-03-22', 25, 49, 6, 18),
('2021-03-22', 25, 123, 3, 18),
('2021-03-23', 30, 113, 1, 2),
('2021-03-23', 30, 69, 1, 9),
('2021-03-23', 30, 87, 6, 120),
('2021-03-23', 15, 40, 3, 21),
('2021-03-24', 4, 55, 5, 85),
('2021-03-24', 4, 170, 5, 15),
('2021-03-24', 4, 36, 4, 8),
('2021-03-24', 4, 60, 3, 24),
('2021-03-24', 4, 87, 4, 80),
('2021-03-24', 15, 2, 6, 36),
('2021-03-24', 15, 108, 6, 12),
('2021-03-24', 15, 22, 5, 0),
('2021-03-24', 15, 29, 4, 12),
('2021-03-24', 15, 118, 2, 6),
('2021-03-24', 15, 114, 4, 8),
('2021-03-24', 15, 174, 5, 30),
('2021-03-24', 15, 21, 3, 3),
('2021-03-24', 15, 160, 3, 21),
('2021-03-24', 8, 140, 4, 32),
('2021-03-24', 8, 174, 1, 6),
('2021-03-24', 8, 84, 3, 45),
('2021-03-24', 8, 6, 1, 1),
('2021-03-24', 12, 85, 4, 52),
('2021-03-24', 12, 22, 4, 0),
('2021-03-24', 12, 160, 2, 14),
('2021-03-24', 12, 50, 4, 88),
('2021-03-24', 12, 68, 3, 24),
('2021-03-24', 12, 110, 6, 12),
('2021-03-24', 12, 94, 5, 85),
('2021-03-24', 12, 85, 1, 13),
('2021-03-24', 12, 77, 3, 66),
('2021-03-24', 28, 122, 2, 12),
('2021-03-25', 18, 65, 1, 5),
('2021-03-25', 18, 177, 1, 3),
('2021-03-25', 18, 99, 3, 120),
('2021-03-25', 10, 179, 4, 24),
('2021-03-25', 10, 35, 4, 16),
('2021-03-25', 10, 78, 5, 95),
('2021-03-25', 10, 53, 6, 132),
('2021-03-25', 10, 12, 6, 0),
('2021-03-25', 10, 93, 5, 90),
('2021-03-25', 10, 111, 3, 3),
('2021-03-25', 10, 59, 1, 13),
('2021-03-25', 10, 56, 6, 96),
('2021-03-25', 29, 155, 6, 66),
('2021-03-25', 29, 20, 1, 3),
('2021-03-25', 29, 88, 1, 10),
('2021-03-25', 29, 92, 4, 40),
('2021-03-25', 29, 163, 1, 15),
('2021-03-25', 16, 62, 3, 30),
('2021-03-25', 16, 123, 4, 24),
('2021-03-25', 16, 92, 5, 50),
('2021-03-25', 16, 160, 6, 42),
('2021-03-25', 16, 113, 4, 8),
('2021-03-25', 16, 175, 3, 21),
('2021-03-25', 16, 75, 4, 80),
('2021-03-25', 16, 72, 1, 4),
('2021-03-27', 6, 68, 3, 24),
('2021-03-27', 6, 116, 2, 6),
('2021-03-27', 6, 87, 4, 80),
('2021-03-27', 6, 163, 3, 45),
('2021-03-27', 6, 26, 6, 6),
('2021-03-27', 6, 70, 1, 5),
('2021-03-27', 6, 101, 5, 15),
('2021-03-28', 30, 77, 1, 22),
('2021-03-28', 30, 42, 3, 18),
('2021-03-28', 30, 107, 5, 15),
('2021-03-29', 18, 137, 3, 12),
('2021-03-29', 18, 11, 5, 0),
('2021-03-29', 18, 65, 2, 10),
('2021-03-29', 8, 45, 2, 14),
('2021-03-29', 8, 48, 5, 65),
('2021-03-29', 8, 117, 2, 6),
('2021-03-29', 8, 53, 5, 110),
('2021-03-29', 8, 52, 4, 72),
('2021-03-30', 40, 34, 4, 24),
('2021-03-30', 40, 146, 4, 60),
('2021-03-30', 40, 42, 1, 6),
('2021-03-30', 17, 115, 4, 8),
('2021-03-30', 17, 62, 1, 10),
('2021-03-30', 31, 131, 1, 5),
('2021-03-30', 31, 78, 2, 38),
('2021-03-30', 31, 27, 2, 4),
('2021-03-30', 28, 56, 3, 48),
('2021-03-30', 28, 175, 6, 42),
('2021-03-30', 28, 126, 6, 30),
('2021-03-30', 28, 13, 4, 4),
('2021-03-30', 28, 4, 4, 32),
('2021-03-30', 28, 104, 1, 1),
('2021-04-01', 35, 123, 2, 12),
('2021-04-01', 35, 120, 5, 20),
('2021-04-01', 35, 31, 3, 6),
('2021-04-01', 35, 92, 1, 10),
('2021-04-01', 35, 132, 6, 18),
('2021-04-02', 27, 93, 4, 72),
('2021-04-02', 27, 20, 1, 3),
('2021-04-02', 27, 96, 4, 88),
('2021-04-02', 10, 128, 3, 9),
('2021-04-02', 10, 66, 3, 15),
('2021-04-02', 10, 27, 6, 12),
('2021-04-02', 10, 66, 4, 20),
('2021-04-02', 10, 77, 2, 44),
('2021-04-02', 24, 118, 2, 6),
('2021-04-02', 24, 152, 2, 24),
('2021-04-02', 24, 76, 5, 100),
('2021-04-02', 24, 91, 1, 9),
('2021-04-02', 24, 146, 2, 30),
('2021-04-03', 11, 4, 6, 48),
('2021-04-03', 11, 4, 3, 24),
('2021-04-03', 11, 101, 5, 15),
('2021-04-03', 11, 72, 2, 8),
('2021-04-03', 21, 156, 1, 5),
('2021-04-03', 21, 22, 5, 0),
('2021-04-03', 21, 72, 4, 16),
('2021-04-03', 21, 14, 1, 2),
('2021-04-03', 19, 109, 1, 1),
('2021-04-03', 19, 4, 1, 8),
('2021-04-03', 19, 78, 2, 38),
('2021-04-03', 19, 98, 6, 180),
('2021-04-03', 19, 139, 4, 12),
('2021-04-03', 19, 2, 5, 30),
('2021-04-04', 3, 105, 3, 9),
('2021-04-04', 3, 137, 1, 4),
('2021-04-04', 3, 20, 4, 12),
('2021-04-04', 3, 178, 2, 14),
('2021-04-04', 3, 70, 1, 5),
('2021-04-04', 3, 106, 1, 2),
('2021-04-04', 3, 3, 6, 24),
('2021-04-04', 3, 161, 2, 40),
('2021-04-04', 4, 136, 5, 25),
('2021-04-04', 4, 35, 6, 24),
('2021-04-04', 4, 92, 5, 50),
('2021-04-04', 4, 78, 2, 38),
('2021-04-04', 4, 2, 4, 24),
('2021-04-04', 4, 71, 4, 16),
('2021-04-04', 4, 105, 4, 12),
('2021-04-04', 4, 32, 1, 1),
('2021-04-06', 15, 157, 3, 42),
('2021-04-06', 15, 13, 1, 1),
('2021-04-06', 15, 138, 4, 64),
('2021-04-06', 15, 156, 3, 15),
('2021-04-06', 5, 154, 6, 90),
('2021-04-06', 5, 139, 2, 6),
('2021-04-06', 5, 115, 2, 4),
('2021-04-06', 5, 14, 6, 12),
('2021-04-06', 5, 54, 4, 68),
('2021-04-06', 5, 156, 1, 5),
('2021-04-06', 5, 78, 4, 76),
('2021-04-06', 5, 89, 2, 22),
('2021-04-06', 5, 25, 4, 8),
('2021-04-06', 32, 1, 2, 10),
('2021-04-06', 6, 23, 6, 6),
('2021-04-06', 6, 57, 1, 10),
('2021-04-06', 6, 18, 6, 6),
('2021-04-06', 6, 129, 3, 6),
('2021-04-06', 1, 31, 4, 8),
('2021-04-06', 1, 83, 4, 32),
('2021-04-06', 1, 4, 6, 48),
('2021-04-06', 1, 98, 5, 150),
('2021-04-06', 1, 20, 3, 9),
('2021-04-06', 1, 153, 4, 48),
('2021-04-06', 1, 140, 5, 40),
('2021-04-06', 1, 86, 1, 13),
('2021-04-06', 1, 158, 3, 48),
('2021-04-08', 31, 100, 3, 120),
('2021-04-08', 31, 44, 3, 24),
('2021-04-08', 31, 126, 3, 15),
('2021-04-08', 28, 97, 6, 126),
('2021-04-08', 28, 168, 6, 6),
('2021-04-08', 28, 119, 4, 8),
('2021-04-08', 28, 60, 5, 40),
('2021-04-08', 28, 30, 6, 54),
('2021-04-08', 28, 129, 5, 10),
('2021-04-08', 28, 116, 3, 9),
('2021-04-08', 28, 79, 1, 11),
('2021-04-08', 8, 61, 5, 125),
('2021-04-08', 8, 72, 3, 12),
('2021-04-08', 8, 136, 2, 10),
('2021-04-08', 22, 122, 4, 24),
('2021-04-08', 22, 7, 1, 1),
('2021-04-08', 22, 79, 4, 44),
('2021-04-08', 22, 15, 1, 2),
('2021-04-08', 22, 42, 4, 24),
('2021-04-08', 1, 29, 6, 18),
('2021-04-08', 1, 127, 6, 12),
('2021-04-08', 1, 146, 1, 15),
('2021-04-08', 1, 85, 2, 26),
('2021-04-08', 1, 51, 4, 60),
('2021-04-08', 7, 29, 6, 18),
('2021-04-08', 7, 24, 6, 12),
('2021-04-08', 7, 99, 3, 120),
('2021-04-08', 7, 39, 4, 12),
('2021-04-08', 7, 7, 5, 5),
('2021-04-08', 7, 136, 2, 10),
('2021-04-08', 7, 129, 2, 4),
('2021-04-09', 2, 83, 1, 8),
('2021-04-09', 9, 127, 1, 2),
('2021-04-09', 9, 149, 3, 54),
('2021-04-09', 9, 123, 6, 36),
('2021-04-09', 9, 63, 5, 40),
('2021-04-09', 9, 111, 3, 3),
('2021-04-09', 30, 39, 6, 18),
('2021-04-09', 30, 86, 1, 13),
('2021-04-09', 29, 95, 5, 110),
('2021-04-09', 29, 144, 6, 84),
('2021-04-10', 15, 89, 6, 66),
('2021-04-10', 15, 91, 2, 18),
('2021-04-10', 15, 95, 5, 110),
('2021-04-10', 15, 50, 3, 66),
('2021-04-10', 15, 145, 5, 65),
('2021-04-10', 15, 49, 1, 3),
('2021-04-10', 15, 120, 2, 8),
('2021-04-10', 24, 171, 4, 12),
('2021-04-10', 24, 145, 3, 39),
('2021-04-10', 24, 3, 6, 24),
('2021-04-10', 24, 8, 6, 6),
('2021-04-10', 24, 124, 2, 10),
('2021-04-11', 28, 48, 3, 39),
('2021-04-11', 28, 18, 5, 5),
('2021-04-11', 28, 126, 2, 10),
('2021-04-11', 33, 18, 3, 3),
('2021-04-11', 33, 3, 6, 24),
('2021-04-11', 33, 78, 4, 76),
('2021-04-11', 19, 32, 5, 5),
('2021-04-11', 19, 66, 6, 30),
('2021-04-11', 19, 52, 5, 90),
('2021-04-11', 19, 78, 4, 76),
('2021-04-11', 19, 44, 3, 24),
('2021-04-11', 19, 160, 3, 21),
('2021-04-11', 19, 2, 3, 18),
('2021-04-11', 19, 82, 2, 26),
('2021-04-11', 3, 63, 3, 24),
('2021-04-11', 3, 63, 2, 16),
('2021-04-11', 3, 51, 4, 60),
('2021-04-11', 3, 64, 6, 42),
('2021-04-11', 3, 87, 3, 60),
('2021-04-11', 3, 10, 2, 2),
('2021-04-11', 3, 120, 3, 12),
('2021-04-11', 37, 9, 2, 6),
('2021-04-11', 37, 157, 6, 84),
('2021-04-11', 37, 64, 3, 21),
('2021-04-12', 27, 37, 1, 2),
('2021-04-12', 27, 71, 5, 20),
('2021-04-12', 27, 103, 3, 6),
('2021-04-12', 27, 76, 6, 120),
('2021-04-12', 27, 130, 4, 28),
('2021-04-12', 5, 137, 5, 20),
('2021-04-12', 5, 48, 4, 52),
('2021-04-12', 5, 49, 5, 15),
('2021-04-12', 5, 49, 4, 12),
('2021-04-12', 14, 170, 3, 9),
('2021-04-12', 14, 106, 1, 2),
('2021-04-12', 14, 117, 4, 12),
('2021-04-12', 14, 16, 4, 20),
('2021-04-12', 14, 39, 6, 18),
('2021-04-12', 14, 78, 4, 76),
('2021-04-12', 40, 130, 3, 21),
('2021-04-12', 40, 147, 2, 14),
('2021-04-12', 22, 8, 3, 3),
('2021-04-12', 22, 2, 1, 6),
('2021-04-12', 22, 91, 6, 54),
('2021-04-12', 22, 124, 5, 25),
('2021-04-12', 22, 100, 6, 240),
('2021-04-12', 22, 124, 1, 5),
('2021-04-12', 22, 6, 5, 5),
('2021-04-12', 22, 108, 5, 10),
('2021-04-12', 12, 94, 2, 34),
('2021-04-12', 12, 25, 2, 4),
('2021-04-12', 12, 7, 6, 6),
('2021-04-12', 12, 172, 5, 75),
('2021-04-13', 14, 97, 5, 105),
('2021-04-13', 14, 177, 3, 9),
('2021-04-13', 14, 68, 4, 32),
('2021-04-13', 14, 25, 1, 2),
('2021-04-13', 14, 27, 3, 6),
('2021-04-14', 9, 73, 3, 9),
('2021-04-14', 9, 87, 6, 120),
('2021-04-14', 9, 177, 3, 9),
('2021-04-14', 12, 59, 5, 65),
('2021-04-14', 12, 79, 3, 33),
('2021-04-14', 1, 56, 6, 96),
('2021-04-14', 1, 27, 1, 2),
('2021-04-14', 30, 58, 6, 54),
('2021-04-14', 30, 9, 1, 3),
('2021-04-14', 30, 112, 1, 2),
('2021-04-14', 30, 19, 2, 2),
('2021-04-14', 30, 116, 2, 6),
('2021-04-14', 30, 45, 4, 28),
('2021-04-15', 22, 173, 5, 15),
('2021-04-15', 22, 141, 4, 36),
('2021-04-15', 22, 173, 4, 12),
('2021-04-15', 7, 95, 3, 66),
('2021-04-17', 29, 127, 2, 4),
('2021-04-17', 29, 148, 1, 10),
('2021-04-17', 31, 170, 3, 9),
('2021-04-17', 31, 47, 2, 24),
('2021-04-17', 31, 144, 4, 56),
('2021-04-17', 31, 118, 6, 18),
('2021-04-17', 31, 109, 4, 4),
('2021-04-17', 31, 166, 6, 48),
('2021-04-17', 31, 15, 3, 6),
('2021-04-17', 31, 96, 1, 22),
('2021-04-17', 31, 80, 1, 7),
('2021-04-17', 19, 75, 1, 20),
('2021-04-18', 4, 26, 4, 4),
('2021-04-18', 4, 106, 4, 8),
('2021-04-19', 11, 120, 2, 8),
('2021-04-19', 11, 23, 1, 1),
('2021-04-19', 11, 46, 3, 48),
('2021-04-19', 11, 113, 5, 10),
('2021-04-19', 11, 98, 1, 30),
('2021-04-19', 11, 136, 3, 15),
('2021-04-19', 11, 46, 4, 64),
('2021-04-19', 25, 47, 2, 24),
('2021-04-19', 25, 56, 4, 64),
('2021-04-19', 25, 13, 1, 1),
('2021-04-19', 25, 106, 3, 6),
('2021-04-19', 25, 68, 2, 16),
('2021-04-19', 7, 118, 6, 18),
('2021-04-19', 7, 47, 2, 24),
('2021-04-19', 7, 155, 3, 33),
('2021-04-20', 24, 2, 3, 18),
('2021-04-20', 24, 11, 3, 0),
('2021-04-20', 24, 51, 2, 30),
('2021-04-20', 24, 8, 2, 2),
('2021-04-20', 13, 70, 6, 30),
('2021-04-20', 13, 123, 1, 6),
('2021-04-20', 13, 80, 6, 42),
('2021-04-20', 13, 91, 6, 54),
('2021-04-20', 13, 10, 1, 1),
('2021-04-20', 13, 66, 4, 20),
('2021-04-20', 23, 64, 5, 35),
('2021-04-20', 23, 144, 3, 42);
INSERT INTO `vendas` (`Data`, `CodigoCliente`, `CodigoProduto`, `Quantidade`, `Total`) VALUES
('2021-04-20', 23, 12, 5, 0),
('2021-04-20', 23, 24, 2, 4),
('2021-04-20', 23, 107, 1, 3),
('2021-04-20', 23, 70, 1, 5),
('2021-04-20', 23, 97, 2, 42),
('2021-04-20', 23, 165, 3, 21),
('2021-04-20', 23, 178, 4, 28),
('2021-04-20', 23, 97, 5, 105),
('2021-04-20', 23, 120, 4, 16),
('2021-04-20', 23, 51, 6, 90),
('2021-04-20', 23, 13, 4, 4),
('2021-04-21', 1, 8, 2, 2),
('2021-04-21', 3, 175, 1, 7),
('2021-04-21', 3, 154, 1, 15),
('2021-04-21', 3, 145, 4, 52),
('2021-04-21', 3, 109, 1, 1),
('2021-04-21', 3, 92, 2, 20),
('2021-04-21', 3, 3, 2, 8),
('2021-04-21', 13, 165, 5, 35),
('2021-04-21', 10, 11, 3, 0),
('2021-04-21', 10, 173, 3, 9),
('2021-04-21', 38, 44, 1, 8),
('2021-04-21', 38, 9, 3, 9),
('2021-04-21', 38, 52, 6, 108),
('2021-04-21', 38, 61, 4, 100),
('2021-04-21', 38, 146, 2, 30),
('2021-04-21', 38, 51, 6, 90),
('2021-04-23', 34, 124, 5, 25),
('2021-04-24', 20, 7, 2, 2),
('2021-04-24', 20, 67, 4, 24),
('2021-04-24', 20, 42, 3, 18),
('2021-04-24', 20, 172, 6, 90),
('2021-04-24', 20, 42, 2, 12),
('2021-04-24', 20, 150, 3, 15),
('2021-04-24', 20, 68, 6, 48),
('2021-04-24', 20, 16, 3, 15),
('2021-04-24', 20, 93, 4, 72),
('2021-04-24', 13, 177, 4, 12),
('2021-04-24', 13, 110, 3, 6),
('2021-04-24', 13, 114, 1, 2),
('2021-04-24', 13, 103, 2, 4),
('2021-04-24', 13, 144, 2, 28),
('2021-04-24', 13, 52, 4, 72),
('2021-04-24', 14, 64, 6, 42),
('2021-04-24', 14, 104, 5, 5),
('2021-04-24', 14, 155, 4, 44),
('2021-04-24', 14, 68, 3, 24),
('2021-04-24', 17, 13, 5, 5),
('2021-04-24', 17, 15, 3, 6),
('2021-04-24', 17, 91, 5, 45),
('2021-04-25', 35, 97, 3, 63),
('2021-04-25', 35, 26, 3, 3),
('2021-04-25', 35, 118, 2, 6),
('2021-04-25', 35, 4, 3, 24),
('2021-04-25', 35, 163, 1, 15),
('2021-04-25', 35, 82, 5, 65),
('2021-04-25', 35, 4, 2, 16),
('2021-04-25', 37, 38, 6, 18),
('2021-04-26', 15, 25, 2, 4),
('2021-04-26', 19, 155, 5, 55),
('2021-04-26', 2, 77, 6, 132),
('2021-04-26', 2, 30, 4, 36),
('2021-04-26', 2, 121, 1, 4),
('2021-04-26', 2, 85, 6, 78),
('2021-04-26', 2, 168, 4, 4),
('2021-04-26', 2, 6, 2, 2),
('2021-04-26', 2, 12, 3, 0),
('2021-04-26', 2, 79, 1, 11),
('2021-04-26', 2, 72, 6, 24),
('2021-04-27', 29, 52, 5, 90),
('2021-04-27', 29, 166, 4, 32),
('2021-04-27', 29, 149, 2, 36),
('2021-04-27', 29, 163, 4, 60),
('2021-04-27', 29, 100, 6, 240),
('2021-04-27', 29, 67, 2, 12),
('2021-04-27', 29, 168, 1, 1),
('2021-04-27', 22, 168, 6, 6),
('2021-04-27', 22, 22, 1, 0),
('2021-04-27', 2, 62, 3, 30),
('2021-04-27', 2, 34, 4, 24),
('2021-04-27', 2, 166, 6, 48),
('2021-04-27', 2, 157, 5, 70),
('2021-04-27', 2, 15, 1, 2),
('2021-04-27', 2, 11, 3, 0),
('2021-04-27', 2, 96, 3, 66),
('2021-04-27', 2, 38, 2, 6),
('2021-04-27', 2, 90, 5, 50),
('2021-04-27', 12, 125, 3, 30),
('2021-04-27', 12, 141, 2, 18),
('2021-04-27', 14, 116, 6, 18),
('2021-04-27', 14, 30, 4, 36),
('2021-04-27', 15, 68, 2, 16),
('2021-04-27', 15, 156, 1, 5),
('2021-04-28', 29, 39, 2, 6),
('2021-04-28', 29, 126, 5, 25),
('2021-04-28', 29, 81, 1, 9),
('2021-04-28', 29, 105, 3, 9),
('2021-04-28', 29, 146, 6, 90),
('2021-04-28', 29, 37, 6, 12),
('2021-04-28', 37, 163, 4, 60),
('2021-04-28', 37, 145, 1, 13),
('2021-04-28', 37, 97, 2, 42),
('2021-04-28', 37, 23, 1, 1),
('2021-04-28', 37, 80, 4, 28),
('2021-04-28', 37, 171, 2, 6),
('2021-04-28', 37, 83, 3, 24),
('2021-04-28', 37, 157, 2, 28),
('2021-04-28', 37, 169, 2, 44),
('2021-04-28', 40, 129, 2, 4),
('2021-04-28', 40, 161, 3, 60),
('2021-04-28', 40, 27, 4, 8),
('2021-04-28', 40, 123, 2, 12),
('2021-04-28', 3, 169, 6, 132),
('2021-04-28', 3, 147, 1, 7),
('2021-04-28', 3, 139, 4, 12),
('2021-04-28', 3, 44, 5, 40),
('2021-04-28', 31, 125, 4, 40),
('2021-04-28', 31, 2, 1, 6),
('2021-04-28', 31, 3, 6, 24),
('2021-04-28', 31, 19, 6, 6),
('2021-04-28', 31, 96, 6, 132),
('2021-04-28', 31, 26, 3, 3),
('2021-04-28', 31, 21, 4, 4),
('2021-04-28', 31, 130, 4, 28),
('2021-04-30', 38, 55, 5, 85),
('2021-04-30', 38, 65, 6, 30),
('2021-04-30', 38, 18, 4, 4),
('2021-04-30', 38, 20, 1, 3),
('2021-04-30', 38, 59, 1, 13),
('2021-04-30', 31, 58, 4, 36),
('2021-04-30', 31, 80, 5, 35),
('2021-04-30', 31, 168, 1, 1),
('2021-04-30', 31, 127, 2, 4),
('2021-04-30', 31, 91, 2, 18),
('2021-04-30', 27, 158, 6, 96),
('2021-04-30', 27, 165, 5, 35),
('2021-04-30', 27, 73, 3, 9),
('2021-04-30', 22, 164, 1, 5),
('2021-04-30', 22, 28, 5, 5),
('2021-04-30', 22, 136, 6, 30),
('2021-04-30', 22, 148, 3, 30),
('2021-04-30', 22, 140, 2, 16),
('2021-04-30', 22, 29, 1, 3),
('2021-05-01', 16, 44, 2, 16),
('2021-05-01', 16, 60, 5, 40),
('2021-05-01', 20, 102, 4, 16),
('2021-05-01', 20, 14, 1, 2),
('2021-05-01', 20, 9, 3, 9),
('2021-05-01', 20, 126, 1, 5),
('2021-05-01', 20, 44, 4, 32),
('2021-05-01', 20, 106, 6, 12),
('2021-05-01', 20, 23, 2, 2),
('2021-05-01', 20, 83, 5, 40),
('2021-05-02', 37, 110, 2, 4),
('2021-05-02', 37, 165, 4, 28),
('2021-05-02', 37, 127, 1, 2),
('2021-05-02', 37, 78, 4, 76),
('2021-05-02', 37, 164, 3, 15),
('2021-05-04', 24, 152, 5, 60),
('2021-05-04', 24, 98, 1, 30),
('2021-05-04', 24, 79, 4, 44),
('2021-05-04', 24, 29, 6, 18),
('2021-05-04', 24, 164, 3, 15),
('2021-05-04', 24, 48, 1, 13),
('2021-05-04', 24, 155, 1, 11),
('2021-05-04', 9, 68, 4, 32),
('2021-05-04', 9, 147, 2, 14),
('2021-05-04', 3, 82, 4, 52),
('2021-05-04', 3, 178, 6, 42),
('2021-05-04', 3, 172, 2, 30),
('2021-05-04', 3, 139, 4, 12),
('2021-05-04', 3, 121, 5, 20),
('2021-05-04', 3, 90, 2, 20),
('2021-05-04', 3, 79, 6, 66),
('2021-05-04', 3, 137, 2, 8),
('2021-05-04', 24, 118, 1, 3),
('2021-05-04', 24, 1, 6, 30),
('2021-05-04', 24, 140, 3, 24),
('2021-05-04', 40, 39, 4, 12),
('2021-05-04', 40, 72, 1, 4),
('2021-05-05', 40, 16, 6, 30),
('2021-05-05', 40, 16, 3, 15),
('2021-05-05', 40, 22, 6, 0),
('2021-05-05', 40, 98, 1, 30),
('2021-05-05', 40, 122, 4, 24),
('2021-05-05', 23, 133, 3, 27),
('2021-05-05', 23, 162, 3, 6),
('2021-05-05', 23, 137, 5, 20),
('2021-05-05', 23, 133, 1, 9),
('2021-05-05', 23, 130, 1, 7),
('2021-05-05', 23, 146, 1, 15),
('2021-05-05', 23, 17, 3, 6),
('2021-05-05', 14, 149, 3, 54),
('2021-05-05', 14, 7, 1, 1),
('2021-05-05', 14, 73, 2, 6),
('2021-05-05', 5, 143, 3, 45),
('2021-05-06', 40, 167, 5, 40),
('2021-05-06', 40, 63, 3, 24),
('2021-05-06', 40, 96, 3, 66),
('2021-05-06', 40, 109, 1, 1),
('2021-05-06', 11, 108, 3, 6),
('2021-05-06', 11, 132, 1, 3),
('2021-05-07', 2, 74, 5, 125),
('2021-05-07', 2, 171, 6, 18),
('2021-05-07', 2, 108, 6, 12),
('2021-05-07', 2, 4, 3, 24),
('2021-05-07', 2, 63, 2, 16),
('2021-05-07', 2, 170, 2, 6),
('2021-05-07', 6, 170, 3, 9),
('2021-05-07', 6, 163, 6, 90),
('2021-05-07', 6, 134, 2, 10),
('2021-05-07', 6, 28, 1, 1),
('2021-05-07', 6, 99, 3, 120),
('2021-05-07', 6, 149, 5, 90),
('2021-05-07', 6, 17, 4, 8),
('2021-05-07', 17, 106, 3, 6),
('2021-05-07', 17, 157, 3, 42),
('2021-05-07', 17, 135, 2, 18),
('2021-05-07', 17, 121, 6, 24),
('2021-05-07', 17, 144, 6, 84),
('2021-05-07', 17, 140, 3, 24),
('2021-05-07', 17, 83, 5, 40),
('2021-05-07', 17, 120, 6, 24),
('2021-05-07', 17, 170, 5, 15),
('2021-05-07', 13, 175, 1, 7),
('2021-05-07', 13, 29, 3, 9),
('2021-05-07', 13, 138, 5, 80),
('2021-05-07', 13, 36, 2, 4),
('2021-05-07', 13, 9, 6, 18),
('2021-05-07', 13, 160, 2, 14),
('2021-05-07', 13, 5, 3, 6),
('2021-05-07', 13, 38, 3, 9),
('2021-05-08', 34, 73, 3, 9),
('2021-05-08', 34, 150, 1, 5),
('2021-05-08', 34, 9, 6, 18),
('2021-05-08', 34, 140, 1, 8),
('2021-05-08', 34, 69, 5, 45),
('2021-05-08', 34, 95, 4, 88),
('2021-05-10', 13, 177, 6, 18),
('2021-05-10', 13, 96, 2, 44),
('2021-05-10', 13, 7, 3, 3),
('2021-05-10', 13, 167, 3, 24),
('2021-05-10', 30, 153, 3, 36),
('2021-05-10', 30, 38, 6, 18),
('2021-05-10', 30, 25, 2, 4),
('2021-05-10', 30, 5, 1, 2),
('2021-05-10', 30, 23, 3, 3),
('2021-05-10', 30, 51, 4, 60),
('2021-05-10', 30, 121, 5, 20),
('2021-05-10', 30, 104, 1, 1),
('2021-05-10', 30, 21, 5, 5),
('2021-05-10', 1, 54, 4, 68),
('2021-05-10', 1, 28, 4, 4),
('2021-05-10', 1, 102, 3, 12),
('2021-05-10', 1, 23, 4, 4),
('2021-05-10', 1, 137, 4, 16),
('2021-05-10', 1, 91, 3, 27),
('2021-05-10', 1, 41, 1, 5),
('2021-05-10', 1, 71, 3, 12),
('2021-05-10', 33, 68, 2, 16),
('2021-05-10', 33, 153, 4, 48),
('2021-05-10', 33, 101, 2, 6),
('2021-05-10', 8, 95, 6, 132),
('2021-05-10', 8, 33, 3, 3),
('2021-05-10', 8, 68, 5, 40),
('2021-05-10', 8, 119, 4, 8),
('2021-05-10', 8, 125, 1, 10),
('2021-05-10', 8, 175, 4, 28),
('2021-05-10', 8, 106, 4, 8),
('2021-05-10', 39, 115, 5, 10),
('2021-05-10', 39, 176, 5, 20),
('2021-05-10', 39, 171, 5, 15),
('2021-05-10', 39, 154, 2, 30),
('2021-05-12', 38, 38, 5, 15),
('2021-05-12', 38, 16, 4, 20),
('2021-05-12', 38, 153, 4, 48),
('2021-05-12', 38, 112, 6, 12),
('2021-05-12', 38, 22, 3, 0),
('2021-05-12', 16, 110, 4, 8),
('2021-05-12', 16, 137, 4, 16),
('2021-05-12', 16, 77, 4, 88),
('2021-05-12', 16, 99, 2, 80),
('2021-05-13', 35, 26, 6, 6),
('2021-05-14', 9, 75, 3, 60),
('2021-05-14', 15, 99, 2, 80),
('2021-05-14', 15, 79, 2, 22),
('2021-05-14', 15, 43, 6, 48),
('2021-05-14', 15, 92, 1, 10),
('2021-05-14', 37, 165, 3, 21),
('2021-05-14', 37, 115, 2, 4),
('2021-05-14', 37, 91, 1, 9),
('2021-05-14', 37, 7, 6, 6),
('2021-05-14', 37, 110, 3, 6),
('2021-05-14', 37, 35, 6, 24),
('2021-05-14', 37, 15, 5, 10),
('2021-05-14', 37, 125, 6, 60),
('2021-05-14', 37, 48, 2, 26),
('2021-05-14', 26, 179, 1, 6),
('2021-05-14', 26, 112, 5, 10),
('2021-05-14', 26, 113, 4, 8),
('2021-05-15', 19, 138, 4, 64),
('2021-05-15', 19, 25, 3, 6),
('2021-05-15', 19, 22, 2, 0),
('2021-05-15', 19, 4, 6, 48),
('2021-05-15', 19, 107, 2, 6),
('2021-05-15', 19, 148, 3, 30),
('2021-05-15', 19, 118, 6, 18),
('2021-05-15', 19, 137, 2, 8),
('2021-05-15', 19, 51, 4, 60),
('2021-05-15', 23, 168, 3, 3),
('2021-05-15', 23, 79, 1, 11),
('2021-05-15', 23, 106, 1, 2),
('2021-05-15', 23, 20, 2, 6),
('2021-05-15', 29, 143, 6, 90),
('2021-05-15', 29, 47, 4, 48),
('2021-05-15', 29, 38, 3, 9),
('2021-05-15', 29, 129, 2, 4),
('2021-05-15', 29, 104, 4, 4),
('2021-05-15', 29, 10, 6, 6),
('2021-05-15', 25, 130, 6, 42),
('2021-05-15', 25, 98, 5, 150),
('2021-05-15', 25, 128, 5, 15),
('2021-05-15', 25, 15, 1, 2),
('2021-05-15', 25, 85, 4, 52),
('2021-05-15', 25, 79, 3, 33),
('2021-05-15', 25, 177, 6, 18),
('2021-05-15', 14, 128, 6, 18),
('2021-05-18', 2, 116, 2, 6),
('2021-05-18', 25, 170, 2, 6),
('2021-05-18', 25, 67, 5, 30),
('2021-05-18', 25, 66, 2, 10),
('2021-05-18', 16, 10, 6, 6),
('2021-05-18', 16, 17, 2, 4),
('2021-05-18', 16, 33, 2, 2),
('2021-05-18', 16, 17, 3, 6),
('2021-05-19', 24, 19, 5, 5),
('2021-05-19', 24, 156, 5, 25),
('2021-05-19', 24, 178, 2, 14),
('2021-05-19', 24, 98, 2, 60),
('2021-05-19', 24, 150, 3, 15),
('2021-05-19', 24, 88, 2, 20),
('2021-05-19', 24, 131, 1, 5),
('2021-05-20', 15, 72, 2, 8),
('2021-05-20', 15, 178, 1, 7),
('2021-05-20', 15, 58, 3, 27),
('2021-05-20', 15, 119, 3, 6),
('2021-05-20', 15, 26, 3, 3),
('2021-05-20', 15, 84, 1, 15),
('2021-05-20', 15, 125, 6, 60),
('2021-05-21', 28, 139, 3, 9),
('2021-05-21', 28, 93, 6, 108),
('2021-05-21', 28, 123, 1, 6),
('2021-05-21', 11, 33, 3, 3),
('2021-05-21', 11, 25, 5, 10),
('2021-05-21', 11, 45, 5, 35),
('2021-05-21', 11, 157, 1, 14),
('2021-05-21', 11, 61, 2, 50),
('2021-05-21', 11, 123, 6, 36),
('2021-05-21', 11, 77, 4, 88),
('2021-05-21', 12, 177, 6, 18),
('2021-05-21', 12, 164, 1, 5),
('2021-05-21', 40, 49, 5, 15),
('2021-05-21', 40, 157, 5, 70),
('2021-05-21', 40, 104, 1, 1),
('2021-05-21', 40, 115, 2, 4),
('2021-05-21', 40, 99, 4, 160),
('2021-05-21', 31, 75, 5, 100),
('2021-05-21', 31, 32, 3, 3),
('2021-05-21', 31, 159, 2, 30),
('2021-05-21', 31, 68, 6, 48),
('2021-05-21', 31, 34, 5, 30),
('2021-05-21', 31, 59, 6, 78),
('2021-05-21', 31, 5, 4, 8),
('2021-05-21', 31, 88, 4, 40),
('2021-05-21', 31, 114, 5, 10),
('2021-05-21', 34, 130, 4, 28),
('2021-05-21', 34, 152, 4, 48),
('2021-05-21', 34, 92, 5, 50),
('2021-05-21', 34, 86, 5, 65),
('2021-05-21', 29, 36, 6, 12),
('2021-05-21', 29, 103, 2, 4),
('2021-05-21', 29, 176, 4, 16),
('2021-05-21', 29, 140, 5, 40),
('2021-05-21', 29, 52, 6, 108),
('2021-05-21', 29, 101, 1, 3),
('2021-05-23', 26, 157, 5, 70),
('2021-05-23', 26, 41, 6, 30),
('2021-05-23', 26, 105, 5, 15),
('2021-05-23', 26, 9, 5, 15),
('2021-05-23', 28, 59, 4, 52),
('2021-05-23', 28, 34, 4, 24),
('2021-05-23', 28, 138, 1, 16),
('2021-05-23', 28, 93, 1, 18),
('2021-05-23', 28, 108, 6, 12),
('2021-05-23', 28, 118, 1, 3),
('2021-05-23', 28, 97, 4, 84),
('2021-05-23', 28, 14, 3, 6),
('2021-05-23', 33, 134, 5, 25),
('2021-05-23', 33, 22, 4, 0),
('2021-05-23', 33, 24, 2, 4),
('2021-05-23', 33, 125, 3, 30),
('2021-05-23', 33, 36, 3, 6),
('2021-05-23', 33, 46, 2, 32),
('2021-05-23', 17, 2, 6, 36),
('2021-05-23', 17, 139, 6, 18),
('2021-05-23', 17, 124, 1, 5),
('2021-05-23', 17, 128, 6, 18),
('2021-05-23', 21, 38, 6, 18),
('2021-05-24', 31, 23, 6, 6),
('2021-05-24', 31, 120, 2, 8),
('2021-05-24', 31, 28, 3, 3),
('2021-05-24', 31, 39, 2, 6),
('2021-05-24', 31, 12, 1, 0),
('2021-05-24', 31, 47, 5, 60),
('2021-05-24', 31, 81, 2, 18),
('2021-05-25', 2, 103, 5, 10),
('2021-05-25', 2, 42, 4, 24),
('2021-05-25', 2, 87, 2, 40),
('2021-05-25', 2, 140, 6, 48),
('2021-05-26', 29, 21, 5, 5),
('2021-05-26', 29, 64, 2, 14),
('2021-05-26', 29, 50, 6, 132),
('2021-05-26', 29, 11, 4, 0),
('2021-05-26', 29, 176, 5, 20),
('2021-05-26', 29, 29, 2, 6),
('2021-05-26', 13, 89, 1, 11),
('2021-05-26', 13, 156, 2, 10),
('2021-05-27', 21, 2, 5, 30),
('2021-05-27', 21, 102, 4, 16),
('2021-05-27', 21, 28, 6, 6),
('2021-05-27', 21, 130, 2, 14),
('2021-05-27', 21, 169, 4, 88),
('2021-05-27', 21, 169, 5, 110),
('2021-05-27', 21, 16, 2, 10),
('2021-05-27', 28, 145, 5, 65),
('2021-05-27', 28, 168, 2, 2),
('2021-05-27', 28, 147, 3, 21),
('2021-05-27', 28, 27, 6, 12),
('2021-05-27', 28, 63, 1, 8),
('2021-05-27', 28, 54, 4, 68),
('2021-05-27', 28, 20, 1, 3),
('2021-05-27', 28, 153, 3, 36),
('2021-05-27', 13, 140, 6, 48),
('2021-05-27', 13, 126, 6, 30),
('2021-05-28', 6, 167, 1, 8),
('2021-05-28', 6, 125, 3, 30),
('2021-05-28', 6, 121, 6, 24),
('2021-05-28', 6, 127, 4, 8),
('2021-05-28', 31, 30, 6, 54),
('2021-05-28', 31, 166, 2, 16),
('2021-05-28', 31, 18, 3, 3),
('2021-05-28', 31, 149, 5, 90),
('2021-05-28', 31, 21, 1, 1),
('2021-05-28', 31, 98, 4, 120),
('2021-05-28', 31, 11, 6, 0),
('2021-05-28', 31, 122, 1, 6),
('2021-05-28', 11, 57, 6, 60),
('2021-05-28', 11, 109, 2, 2),
('2021-05-30', 16, 176, 2, 8),
('2021-05-30', 20, 126, 4, 20),
('2021-05-30', 10, 54, 1, 17),
('2021-05-30', 10, 83, 3, 24),
('2021-05-30', 10, 67, 3, 18),
('2021-05-30', 10, 94, 2, 34),
('2021-05-30', 10, 2, 4, 24);
